TreeId,MAP,Site,LAI_MAP,IdGenotype,Date,Cumulated_LAI
PR_G5-1_1_GE02_14_19,45,PR,1.68684889706667,GE02,2014-02-25,1.68684889706667
PR_G5-1_1_GE02_14_19,57,PR,2.500922424,GE02,2015-02-09,4.18777132106667
PR_G5-1_1_GE02_14_19,69,PR,2.4141773656,GE02,2016-02-12,6.60194868666667
PR_G5-1_1_GE02_14_19,81,PR,2.52560041066667,GE02,2017-02-27,9.12754909733334
PR_G5-1_1_GE02_14_20,45,PR,1.6860956112,GE02,2014-02-25,1.6860956112
PR_G5-1_1_GE02_14_20,57,PR,2.24903345333333,GE02,2015-02-09,3.9351290645333297
PR_G5-1_1_GE02_14_20,69,PR,2.3196036864,GE02,2016-02-12,6.2547327509333295
PR_G5-1_1_GE02_14_20,81,PR,2.5060107072,GE02,2017-02-27,8.76074345813333
PR_G5-1_1_GE02_14_21,45,PR,1.6040728704,GE02,2014-02-26,1.6040728704
PR_G5-1_1_GE02_14_21,57,PR,1.5596909328,GE02,2015-02-09,3.1637638032
PR_G5-1_1_GE02_14_21,69,PR,1.954000048,GE02,2016-02-12,5.1177638512
PR_G5-1_1_GE02_14_21,81,PR,2.7764953216,GE02,2017-02-27,7.8942591728
PR_G5-1_1_GE03_19_18,45,PR,1.8819104304,GE03,2014-02-27,1.8819104304
PR_G5-1_1_GE03_19_18,57,PR,2.5923825928,GE03,2015-02-10,4.4742930231999996
PR_G5-1_1_GE03_19_18,69,PR,2.6007205224,GE03,2016-02-13,7.075013545599999
PR_G5-1_1_GE03_19_18,81,PR,3.4695412752,GE03,2017-02-28,10.544554820799998
PR_G5-1_1_GE03_19_18,93,PR,3.39050925546667,GE03,2018-02-10,13.935064076266668
PR_G5-1_1_GE03_19_18,105,PR,3.20780726933333,GE03,2019-02-19,17.1428713456
PR_G5-1_1_GE03_19_18,117,PR,4.74956615466667,GE03,2020-02-20,21.89243750026667
PR_G5-1_1_GE03_19_18,129,PR,4.20181948853333,GE03,2021-02-11,26.094256988799998
PR_G5-1_1_GE03_19_18,141,PR,3.90137961546667,GE03,2022-02-10,29.995636604266668
PR_G5-1_1_GE03_19_18,153,PR,4.12411466133333,GE03,2023-02-09,34.1197512656
PR_G5-1_1_GE03_19_18,165,PR,5.5463944536,GE03,2024-02-08,39.6661457192
PR_G5-1_1_GE03_19_19,45,PR,2.068482416,GE03,2014-02-27,2.068482416
PR_G5-1_1_GE03_19_19,57,PR,2.88722140373333,GE03,2015-02-10,4.95570381973333
PR_G5-1_1_GE03_19_19,81,PR,3.52779280186667,GE03,2017-02-28,8.4834966216
PR_G5-1_1_GE03_19_19,93,PR,2.89892349413333,GE03,2018-02-10,11.38242011573333
PR_G5-1_1_GE03_19_19,105,PR,3.6947278368,GE03,2019-02-19,15.07714795253333
PR_G5-1_1_GE03_19_19,117,PR,4.15850101333333,GE03,2020-02-20,19.23564896586666
PR_G5-1_1_GE03_19_19,129,PR,3.8199024864,GE03,2021-02-11,23.05555145226666
PR_G5-1_1_GE03_19_19,141,PR,4.3082335296,GE03,2022-02-10,27.363784981866658
PR_G5-1_1_GE03_19_19,153,PR,4.41409635333333,GE03,2023-02-09,31.77788133519999
PR_G5-1_1_GE03_19_19,165,PR,4.4949416512,GE03,2024-02-08,36.27282298639999
PR_G5-1_1_GE03_19_20,45,PR,2.011913904,GE03,2014-02-27,2.011913904
PR_G5-1_1_GE03_19_20,57,PR,2.64962698,GE03,2015-02-10,4.661540884
PR_G5-1_1_GE03_19_20,69,PR,2.8088732672,GE03,2016-02-13,7.4704141512
PR_G5-1_1_GE03_19_20,81,PR,3.31456992533333,GE03,2017-02-28,10.78498407653333
PR_G5-1_1_GE03_19_20,93,PR,3.00136209706667,GE03,2018-02-10,13.7863461736
PR_G5-1_1_GE03_19_20,105,PR,3.35224222666667,GE03,2019-02-19,17.13858840026667
PR_G5-1_1_GE03_19_20,117,PR,3.32173868693333,GE03,2020-02-20,20.4603270872
PR_G5-1_1_GE03_19_20,129,PR,3.56634251306667,GE03,2021-02-11,24.02666960026667
PR_G5-1_1_GE03_19_20,141,PR,3.79333941653333,GE03,2022-02-10,27.8200090168
PR_G5-1_1_GE03_19_20,153,PR,3.736356624,GE03,2023-02-09,31.5563656408
PR_G5-1_1_GE03_19_20,165,PR,5.485163684,GE03,2024-02-08,37.041529324799995
PR_G5-1_1_GE06_14_14,45,PR,1.58680335146667,GE06,2014-02-25,1.58680335146667
PR_G5-1_1_GE06_14_14,57,PR,2.04731193333333,GE06,2015-02-09,3.6341152848
PR_G5-1_1_GE06_14_14,69,PR,2.85244105813333,GE06,2016-02-12,6.48655634293333
PR_G5-1_1_GE06_14_14,81,PR,4.41938430266667,GE06,2017-02-27,10.905940645600001
PR_G5-1_1_GE06_14_15,45,PR,1.6861652808,GE06,2014-02-25,1.6861652808
PR_G5-1_1_GE06_14_15,57,PR,2.16206603946667,GE06,2015-02-09,3.8482313202666703
PR_G5-1_1_GE06_14_15,69,PR,2.7458022592,GE06,2016-02-12,6.59403357946667
PR_G5-1_1_GE06_14_15,81,PR,3.3671205568,GE06,2017-02-27,9.96115413626667
PR_G5-1_1_GE06_15_15,45,PR,1.83994797653333,GE06,2014-02-26,1.83994797653333
PR_G5-1_1_GE06_15_15,57,PR,2.33409549706667,GE06,2015-02-10,4.1740434736
PR_G5-1_1_GE06_15_15,69,PR,2.3354066736,GE06,2016-02-13,6.509450147200001
PR_G5-1_1_GE06_15_15,81,PR,2.9804750976,GE06,2017-02-28,9.4899252448
PR_G5-1_1_GE09_3_10,46,PR,2.42657348266667,GE09,2014-03-04,2.42657348266667
PR_G5-1_1_GE09_3_10,57,PR,2.74168828266667,GE09,2015-02-05,5.16826176533334
PR_G5-1_1_GE09_3_10,69,PR,3.824364544,GE09,2016-02-09,8.992626309333339
PR_G5-1_1_GE09_3_10,81,PR,4.06629156266667,GE09,2017-02-23,13.05891787200001
PR_G5-1_1_GE09_3_8,46,PR,2.37206783146667,GE09,2014-03-04,2.37206783146667
PR_G5-1_1_GE09_3_8,57,PR,2.49525863253333,GE09,2015-02-05,4.867326464
PR_G5-1_1_GE09_3_8,69,PR,3.22016761733333,GE09,2016-02-09,8.087494081333329
PR_G5-1_1_GE09_3_8,81,PR,4.24055632,GE09,2017-02-23,12.328050401333329
PR_G5-1_1_GE09_4_9,46,PR,1.9252000768,GE09,2014-03-04,1.9252000768
PR_G5-1_1_GE09_4_9,57,PR,2.68057122666667,GE09,2015-02-05,4.605771303466669
PR_G5-1_1_GE09_4_9,69,PR,2.387873488,GE09,2016-02-09,6.99364479146667
PR_G5-1_1_GE09_4_9,81,PR,3.1819179392,GE09,2017-02-23,10.17556273066667
PR_G5-1_1_GE12_10_4,45,PR,2.45755643466667,GE12,2014-02-24,2.45755643466667
PR_G5-1_1_GE12_10_4,57,PR,2.17507903946667,GE12,2015-02-07,4.63263547413334
PR_G5-1_1_GE12_10_4,69,PR,3.61169555413333,GE12,2016-02-11,8.24433102826667
PR_G5-1_1_GE12_10_4,81,PR,4.37020317066667,GE12,2017-02-24,12.61453419893334
PR_G5-1_1_GE12_10_5,45,PR,2.49414712213333,GE12,2014-02-24,2.49414712213333
PR_G5-1_1_GE12_10_5,57,PR,3.0490443984,GE12,2015-02-07,5.54319152053333
PR_G5-1_1_GE12_10_5,69,PR,3.51758180106667,GE12,2016-02-11,9.060773321600001
PR_G5-1_1_GE12_10_5,81,PR,4.397977584,GE12,2017-02-25,13.458750905600002
PR_G5-1_1_GE12_9_5,46,PR,2.0208188,GE12,2014-03-05,2.0208188
PR_G5-1_1_GE12_9_5,57,PR,2.96529299733333,GE12,2015-02-06,4.986111797333329
PR_G5-1_1_GE12_9_5,69,PR,3.4554632112,GE12,2016-02-10,8.441575008533329
PR_G5-1_1_GE12_9_5,81,PR,3.63685829173333,GE12,2017-02-23,12.07843330026666
PR_G5-1_1_GE16_14_24,45,PR,2.36974711306667,GE16,2014-02-26,2.36974711306667
PR_G5-1_1_GE16_14_24,57,PR,3.051184136,GE16,2015-02-09,5.42093124906667
PR_G5-1_1_GE16_14_24,69,PR,4.14186546106667,GE16,2016-02-12,9.562796710133341
PR_G5-1_1_GE16_14_24,81,PR,4.1490537088,GE16,2017-02-27,13.711850418933341
PR_G5-1_1_GE16_14_24,93,PR,4.1444987584,GE16,2018-02-09,17.856349177333342
PR_G5-1_1_GE16_14_24,105,PR,3.80871637813333,GE16,2019-02-18,21.665065555466672
PR_G5-1_1_GE16_14_24,117,PR,4.80009636773333,GE16,2020-02-19,26.4651619232
PR_G5-1_1_GE16_14_24,129,PR,4.33057691733333,GE16,2021-02-10,30.795738840533332
PR_G5-1_1_GE16_14_24,141,PR,4.6561282768,GE16,2022-02-09,35.45186711733333
PR_G5-1_1_GE16_14_24,153,PR,4.8704143488,GE16,2023-02-08,40.322281466133326
PR_G5-1_1_GE16_14_24,165,PR,5.3508799344,GE16,2024-02-07,45.673161400533324
PR_G5-1_1_GE16_14_25,45,PR,2.1590544976,GE16,2014-02-26,2.1590544976
PR_G5-1_1_GE16_14_25,57,PR,2.467601136,GE16,2015-02-09,4.6266556336
PR_G5-1_1_GE16_14_25,69,PR,2.2514780288,GE16,2016-02-12,6.8781336624
PR_G5-1_1_GE16_14_25,81,PR,3.7996406448,GE16,2017-02-27,10.6777743072
PR_G5-1_1_GE16_14_25,93,PR,3.907035132,GE16,2018-02-09,14.5848094392
PR_G5-1_1_GE16_14_25,105,PR,4.1699385728,GE16,2019-02-18,18.754748012
PR_G5-1_1_GE16_14_25,117,PR,4.47488267893333,GE16,2020-02-19,23.22963069093333
PR_G5-1_1_GE16_14_25,129,PR,4.77645675173333,GE16,2021-02-10,28.00608744266666
PR_G5-1_1_GE16_14_25,141,PR,4.7465722304,GE16,2022-02-09,32.75265967306666
PR_G5-1_1_GE16_14_25,153,PR,5.01850682666667,GE16,2023-02-08,37.771166499733326
PR_G5-1_1_GE16_14_25,165,PR,5.3482100672,GE16,2024-02-07,43.119376566933326
PR_G5-1_1_GE16_14_26,45,PR,1.6462013568,GE16,2014-02-26,1.6462013568
PR_G5-1_1_GE16_14_26,57,PR,2.1459510072,GE16,2015-02-09,3.7921523639999997
PR_G5-1_1_GE16_14_26,69,PR,3.50244561333333,GE16,2016-02-12,7.29459797733333
PR_G5-1_1_GE16_14_26,81,PR,3.4684922272,GE16,2017-02-27,10.76309020453333
PR_G5-1_1_GE16_14_26,93,PR,3.4752413696,GE16,2018-02-09,14.23833157413333
PR_G5-1_1_GE16_14_26,105,PR,4.15073432106667,GE16,2019-02-18,18.389065895199998
PR_G5-1_1_GE16_14_26,117,PR,3.5997489528,GE16,2020-02-19,21.988814847999997
PR_G5-1_1_GE16_14_26,129,PR,4.890597712,GE16,2021-02-10,26.87941256
PR_G5-1_1_GE16_14_26,141,PR,5.3503802352,GE16,2022-02-09,32.2297927952
PR_G5-1_1_GE16_14_26,153,PR,4.9149356256,GE16,2023-02-08,37.1447284208
PR_G5-1_1_GE16_14_26,165,PR,4.976283312,GE16,2024-02-07,42.1210117328
PR_G5-1_2_GE02_29_13,46,PR,1.5841930104,GE02,2014-03-03,1.5841930104
PR_G5-1_2_GE02_29_13,57,PR,1.857007152,GE02,2015-02-13,3.4412001624
PR_G5-1_2_GE02_29_13,69,PR,1.846820976,GE02,2016-02-17,5.2880211383999995
PR_G5-1_2_GE02_29_13,82,PR,3.11423966186667,GE02,2017-03-03,8.402260800266669
PR_G5-1_2_GE02_29_14,46,PR,1.66963463333333,GE02,2014-03-03,1.66963463333333
PR_G5-1_2_GE02_29_14,57,PR,2.49009293866667,GE02,2015-02-13,4.1597275719999995
PR_G5-1_2_GE02_29_14,69,PR,2.444177736,GE02,2016-02-17,6.603905308
PR_G5-1_2_GE02_29_14,82,PR,3.34605204266667,GE02,2017-03-03,9.94995735066667
PR_G5-1_2_GE02_29_15,46,PR,1.59394061493333,GE02,2014-03-03,1.59394061493333
PR_G5-1_2_GE02_29_15,57,PR,2.1324070768,GE02,2015-02-13,3.72634769173333
PR_G5-1_2_GE02_29_15,69,PR,2.57718474346667,GE02,2016-02-17,6.303532435199999
PR_G5-1_2_GE02_29_15,82,PR,2.69758182026667,GE02,2017-03-03,9.00111425546667
PR_G5-1_2_GE03_29_18,46,PR,2.35130629066667,GE03,2014-03-03,2.35130629066667
PR_G5-1_2_GE03_29_18,57,PR,3.00770016213333,GE03,2015-02-13,5.3590064528
PR_G5-1_2_GE03_29_18,69,PR,3.24900576,GE03,2016-02-17,8.6080122128
PR_G5-1_2_GE03_29_18,82,PR,4.30998568,GE03,2017-03-03,12.917997892799999
PR_G5-1_2_GE03_29_18,93,PR,3.79467755333333,GE03,2018-02-13,16.71267544613333
PR_G5-1_2_GE03_29_18,105,PR,3.6524680192,GE03,2019-02-21,20.36514346533333
PR_G5-1_2_GE03_29_18,117,PR,4.88201847466667,GE03,2020-02-22,25.247161939999998
PR_G5-1_2_GE03_29_18,129,PR,4.437364932,GE03,2021-02-13,29.684526872
PR_G5-1_2_GE03_29_18,141,PR,5.1908688832,GE03,2022-02-12,34.8753957552
PR_G5-1_2_GE03_29_18,165,PR,5.3717231568,GE03,2024-02-10,40.247118912000005
PR_G5-1_2_GE03_29_19,46,PR,1.9523119616,GE03,2014-03-03,1.9523119616
PR_G5-1_2_GE03_29_19,57,PR,2.42209968,GE03,2015-02-14,4.3744116416
PR_G5-1_2_GE03_29_19,82,PR,3.59135950506667,GE03,2017-03-03,7.96577114666667
PR_G5-1_2_GE03_29_19,93,PR,3.371031664,GE03,2018-02-13,11.33680281066667
PR_G5-1_2_GE03_29_19,105,PR,4.0744960256,GE03,2019-02-21,15.41129883626667
PR_G5-1_2_GE03_29_19,117,PR,4.47487253546667,GE03,2020-02-22,19.88617137173334
PR_G5-1_2_GE03_29_19,129,PR,3.8851516704,GE03,2021-02-13,23.77132304213334
PR_G5-1_2_GE03_29_19,141,PR,4.49714491893333,GE03,2022-02-12,28.26846796106667
PR_G5-1_2_GE03_29_19,153,PR,4.46512252853333,GE03,2023-02-11,32.7335904896
PR_G5-1_2_GE03_29_19,165,PR,5.44436879653333,GE03,2024-02-10,38.17795928613333
PR_G5-1_2_GE03_29_20,46,PR,2.09196614293333,GE03,2014-03-03,2.09196614293333
PR_G5-1_2_GE03_29_20,57,PR,2.03822552266667,GE03,2015-02-14,4.1301916656
PR_G5-1_2_GE03_29_20,69,PR,3.00039686613333,GE03,2016-02-18,7.13058853173333
PR_G5-1_2_GE03_29_20,82,PR,2.7403376,GE03,2017-03-04,9.87092613173333
PR_G5-1_2_GE03_29_20,93,PR,2.59120728533333,GE03,2018-02-13,12.46213341706666
PR_G5-1_2_GE03_29_20,105,PR,3.063152092,GE03,2019-02-21,15.52528550906666
PR_G5-1_2_GE03_29_20,117,PR,3.6054882864,GE03,2020-02-22,19.13077379546666
PR_G5-1_2_GE03_29_20,129,PR,3.90599836293333,GE03,2021-02-13,23.03677215839999
PR_G5-1_2_GE03_29_20,141,PR,4.20463990613333,GE03,2022-02-12,27.24141206453332
PR_G5-1_2_GE03_29_20,153,PR,3.87504770986667,GE03,2023-02-11,31.116459774399992
PR_G5-1_2_GE03_29_20,165,PR,4.4421841464,GE03,2024-02-10,35.558643920799994
PR_G5-1_2_GE06_34_10,46,PR,1.9449045616,GE06,2014-03-06,1.9449045616
PR_G5-1_2_GE06_34_10,57,PR,2.2152194064,GE06,2015-02-14,4.160123968000001
PR_G5-1_2_GE06_34_10,69,PR,3.6997536576,GE06,2016-02-18,7.859877625600001
PR_G5-1_2_GE06_34_10,82,PR,4.25374683066667,GE06,2017-03-04,12.11362445626667
PR_G5-1_2_GE06_34_11,46,PR,1.98495470506667,GE06,2014-03-06,1.98495470506667
PR_G5-1_2_GE06_34_11,57,PR,2.721390672,GE06,2015-02-14,4.70634537706667
PR_G5-1_2_GE06_34_11,69,PR,3.34352151466667,GE06,2016-02-18,8.049866891733341
PR_G5-1_2_GE06_34_11,81,PR,3.730923196,GE06,2017-02-25,11.78079008773334
PR_G5-1_2_GE06_34_9,46,PR,1.63627464,GE06,2014-03-06,1.63627464
PR_G5-1_2_GE06_34_9,57,PR,2.2543144624,GE06,2015-02-14,3.8905891024
PR_G5-1_2_GE06_34_9,69,PR,3.17615004373333,GE06,2016-02-18,7.0667391461333295
PR_G5-1_2_GE06_34_9,82,PR,3.2681112464,GE06,2017-03-04,10.33485039253333
PR_G5-1_2_GE09_28_25,46,PR,2.1237216,GE09,2014-03-01,2.1237216
PR_G5-1_2_GE09_28_25,57,PR,2.935204272,GE09,2015-02-13,5.058925872
PR_G5-1_2_GE09_28_25,82,PR,4.09543481013333,GE09,2017-03-03,9.15436068213333
PR_G5-1_2_GE09_28_26,46,PR,2.4619747152,GE09,2014-03-01,2.4619747152
PR_G5-1_2_GE09_28_26,57,PR,2.94972678,GE09,2015-02-13,5.411701495200001
PR_G5-1_2_GE09_28_26,82,PR,4.81567619866667,GE09,2017-03-03,10.227377693866671
PR_G5-1_2_GE09_29_25,46,PR,1.9239091872,GE09,2014-03-03,1.9239091872
PR_G5-1_2_GE09_29_25,57,PR,2.8714461776,GE09,2015-02-14,4.795355364800001
PR_G5-1_2_GE09_29_25,69,PR,3.696428736,GE09,2016-02-18,8.4917841008
PR_G5-1_2_GE09_29_25,82,PR,3.87494894453333,GE09,2017-03-04,12.36673304533333
PR_G5-1_2_GE12_29_10,46,PR,1.98467282346667,GE12,2014-03-03,1.98467282346667
PR_G5-1_2_GE12_29_10,57,PR,3.0075357312,GE12,2015-02-13,4.99220855466667
PR_G5-1_2_GE12_29_10,69,PR,2.4977784832,GE12,2016-02-17,7.489987037866669
PR_G5-1_2_GE12_29_10,82,PR,3.82889173333333,GE12,2017-03-03,11.3188787712
PR_G5-1_2_GE12_29_8,46,PR,2.40029976853333,GE12,2014-03-03,2.40029976853333
PR_G5-1_2_GE12_29_8,57,PR,2.9962204272,GE12,2015-02-13,5.39652019573333
PR_G5-1_2_GE12_29_8,82,PR,3.860624768,GE12,2017-03-03,9.25714496373333
PR_G5-1_2_GE12_29_9,46,PR,2.40564217226667,GE12,2014-03-03,2.40564217226667
PR_G5-1_2_GE12_29_9,57,PR,3.24566589013333,GE12,2015-02-13,5.6513080624
PR_G5-1_2_GE12_29_9,69,PR,2.7400541168,GE12,2016-02-17,8.3913621792
PR_G5-1_2_GE12_29_9,82,PR,4.7098443392,GE12,2017-03-03,13.1012065184
PR_G5-1_2_GE16_13_3,45,PR,1.88339564746667,GE16,2014-02-25,1.88339564746667
PR_G5-1_2_GE16_13_3,57,PR,2.66360280853333,GE16,2015-02-07,4.546998456
PR_G5-1_2_GE16_13_3,69,PR,2.7624781184,GE16,2016-02-11,7.3094765744
PR_G5-1_2_GE16_13_3,81,PR,3.37091741653333,GE16,2017-02-25,10.680393990933329
PR_G5-1_2_GE16_13_3,93,PR,3.4661442816,GE16,2018-02-09,14.146538272533329
PR_G5-1_2_GE16_13_3,105,PR,3.8286504256,GE16,2019-02-18,17.97518869813333
PR_G5-1_2_GE16_13_3,117,PR,3.8911864992,GE16,2020-02-19,21.86637519733333
PR_G5-1_2_GE16_13_3,129,PR,5.2302578328,GE16,2021-02-10,27.09663303013333
PR_G5-1_2_GE16_13_3,141,PR,4.725112392,GE16,2022-02-09,31.82174542213333
PR_G5-1_2_GE16_13_3,153,PR,4.13637224,GE16,2023-02-08,35.95811766213333
PR_G5-1_2_GE16_13_3,165,PR,4.8773973248,GE16,2024-02-07,40.83551498693333
PR_G5-1_2_GE16_24_10,45,PR,2.20627073333333,GE16,2014-02-28,2.20627073333333
PR_G5-1_2_GE16_24_10,57,PR,2.51688850746667,GE16,2015-02-11,4.723159240799999
PR_G5-1_2_GE16_24_10,69,PR,3.14666352,GE16,2016-02-15,7.8698227608
PR_G5-1_2_GE16_24_10,82,PR,3.69097742346667,GE16,2017-03-01,11.56080018426667
PR_G5-1_2_GE16_24_10,93,PR,3.0166840704,GE16,2018-02-12,14.57748425466667
PR_G5-1_2_GE16_24_10,105,PR,3.78184393253333,GE16,2019-02-20,18.3593281872
PR_G5-1_2_GE16_24_10,117,PR,4.33744644666667,GE16,2020-02-21,22.696774633866667
PR_G5-1_2_GE16_24_10,129,PR,4.8356308,GE16,2021-02-12,27.532405433866668
PR_G5-1_2_GE16_24_10,141,PR,5.1302899648,GE16,2022-02-11,32.66269539866667
PR_G5-1_2_GE16_24_10,153,PR,4.17865821706667,GE16,2023-02-10,36.84135361573334
PR_G5-1_2_GE16_24_10,165,PR,5.5845261472,GE16,2024-02-09,42.42587976293334
PR_G5-1_2_GE16_24_11,45,PR,2.0303491208,GE16,2014-02-28,2.0303491208
PR_G5-1_2_GE16_24_11,57,PR,2.8412375992,GE16,2015-02-11,4.87158672
PR_G5-1_2_GE16_24_11,69,PR,3.4027449456,GE16,2016-02-15,8.2743316656
PR_G5-1_2_GE16_24_11,82,PR,3.49110334906667,GE16,2017-03-01,11.76543501466667
PR_G5-1_2_GE16_24_11,93,PR,3.53657090453333,GE16,2018-02-12,15.302005919199999
PR_G5-1_2_GE16_24_11,105,PR,4.14383035733333,GE16,2019-02-20,19.445836276533328
PR_G5-1_2_GE16_24_11,117,PR,4.084224144,GE16,2020-02-21,23.530060420533328
PR_G5-1_2_GE16_24_11,129,PR,5.21297069626667,GE16,2021-02-12,28.743031116799997
PR_G5-1_2_GE16_24_11,141,PR,5.171534368,GE16,2022-02-11,33.914565484799994
PR_G5-1_2_GE16_24_11,153,PR,4.9829475696,GE16,2023-02-10,38.897513054399994
PR_G5-1_2_GE16_24_11,165,PR,5.4842884096,GE16,2024-02-09,44.38180146399999
PR_G5-1_2_GE16_24_9,45,PR,2.25541582933333,GE16,2014-02-28,2.25541582933333
PR_G5-1_2_GE16_24_9,57,PR,2.4694942272,GE16,2015-02-11,4.72491005653333
PR_G5-1_2_GE16_24_9,69,PR,3.57381024,GE16,2016-02-15,8.29872029653333
PR_G5-1_2_GE16_24_9,82,PR,3.457966512,GE16,2017-03-01,11.756686808533331
PR_G5-1_2_GE16_24_9,93,PR,3.71200162666667,GE16,2018-02-12,15.4686884352
PR_G5-1_2_GE16_24_9,105,PR,4.2215741568,GE16,2019-02-20,19.690262592
PR_G5-1_2_GE16_24_9,117,PR,4.6754179472,GE16,2020-02-21,24.3656805392
PR_G5-1_2_GE16_24_9,129,PR,4.852011164,GE16,2021-02-12,29.2176917032
PR_G5-1_2_GE16_24_9,141,PR,6.57960476506667,GE16,2022-02-11,35.79729646826667
PR_G5-1_2_GE16_24_9,153,PR,4.700183488,GE16,2023-02-10,40.49747995626667
PR_G5-1_2_GE16_24_9,165,PR,5.3197560416,GE16,2024-02-09,45.817235997866675
SMSE_B22_1_GE02_4_8,44,SMSE,1.74427602944,GE02,2014-09-09,1.74427602944
SMSE_B22_1_GE02_4_8,48,SMSE,1.94611617536,GE02,2015-01-05,3.6903922048
SMSE_B22_1_GE02_4_8,60,SMSE,2.15423231146667,GE02,2016-01-11,5.84462451626667
SMSE_B22_1_GE02_4_8,72,SMSE,2.08252696064,GE02,2017-01-12,7.92715147690667
SMSE_B22_1_GE02_4_8,84,SMSE,3.24911233024,GE02,2018-01-06,11.17626380714667
SMSE_B22_1_GE02_4_8,96,SMSE,3.11738112,GE02,2019-01-16,14.29364492714667
SMSE_B22_1_GE02_4_9,44,SMSE,1.60915163733333,GE02,2014-09-09,1.60915163733333
SMSE_B22_1_GE02_4_9,48,SMSE,1.95038260778667,GE02,2015-01-05,3.55953424512
SMSE_B22_1_GE02_4_9,60,SMSE,1.99497972053333,GE02,2016-01-11,5.55451396565333
SMSE_B22_1_GE02_4_9,72,SMSE,2.30853267456,GE02,2017-01-12,7.86304664021333
SMSE_B22_1_GE02_4_9,84,SMSE,2.8926116352,GE02,2018-01-06,10.75565827541333
SMSE_B22_1_GE02_4_9,96,SMSE,2.61052839936,GE02,2019-01-16,13.36618667477333
SMSE_B22_1_GE02_4_9,108,SMSE,3.00787461632,GE02,2020-01-16,16.37406129109333
SMSE_B22_1_GE02_4_9,120,SMSE,3.7001132672,GE02,2021-01-05,20.07417455829333
SMSE_B22_1_GE02_4_9,132,SMSE,4.12473826986667,GE02,2022-01-07,24.198912828159997
SMSE_B22_1_GE02_4_9,144,SMSE,3.86216133632,GE02,2023-01-05,28.061074164479997
SMSE_B22_1_GE02_4_9,155,SMSE,4.29203325525333,GE02,2023-12-16,32.35310741973333
SMSE_B22_1_GE03_14_18,44,SMSE,1.78553972053333,GE03,2014-09-16,1.78553972053333
SMSE_B22_1_GE03_14_18,48,SMSE,2.11519452330667,GE03,2015-01-07,3.9007342438399997
SMSE_B22_1_GE03_14_18,60,SMSE,2.3361805824,GE03,2016-01-14,6.23691482624
SMSE_B22_1_GE03_14_18,72,SMSE,2.30686446592,GE03,2017-01-14,8.54377929216
SMSE_B22_1_GE03_14_18,84,SMSE,2.77686854144,GE03,2018-01-08,11.320647833599999
SMSE_B22_1_GE03_14_18,96,SMSE,3.1956736,GE03,2019-01-19,14.516321433599998
SMSE_B22_1_GE03_14_18,108,SMSE,2.82108906837333,GE03,2020-01-20,17.337410501973327
SMSE_B22_1_GE03_14_18,120,SMSE,3.65565826901333,GE03,2021-01-06,20.993068770986657
SMSE_B22_1_GE03_14_18,132,SMSE,4.15873538304,GE03,2022-01-08,25.151804154026657
SMSE_B22_1_GE03_14_18,144,SMSE,3.69101864618667,GE03,2023-01-10,28.842822800213327
SMSE_B22_1_GE03_14_18,155,SMSE,4.48846989994667,GE03,2023-12-19,33.33129270016
SMSE_B22_1_GE03_15_16,44,SMSE,2.20354702848,GE03,2014-09-16,2.20354702848
SMSE_B22_1_GE03_15_16,48,SMSE,1.9956174336,GE03,2015-01-07,4.199164462080001
SMSE_B22_1_GE03_15_16,60,SMSE,2.518908224,GE03,2016-01-14,6.718072686080001
SMSE_B22_1_GE03_15_16,72,SMSE,2.23447672149333,GE03,2017-01-14,8.952549407573331
SMSE_B22_1_GE03_15_16,84,SMSE,3.0642534272,GE03,2018-01-08,12.016802834773332
SMSE_B22_1_GE03_15_18,44,SMSE,2.00331264,GE03,2014-09-16,2.00331264
SMSE_B22_1_GE03_15_18,48,SMSE,2.29711527509333,GE03,2015-01-07,4.30042791509333
SMSE_B22_1_GE03_15_18,60,SMSE,2.54625144106667,GE03,2016-01-14,6.84667935616
SMSE_B22_1_GE03_15_18,72,SMSE,2.65545041066667,GE03,2017-01-14,9.50212976682667
SMSE_B22_1_GE03_15_18,84,SMSE,3.6361586688,GE03,2018-01-08,13.13828843562667
SMSE_B22_1_GE03_15_18,96,SMSE,3.6370177536,GE03,2019-01-19,16.77530618922667
SMSE_B22_1_GE03_15_18,108,SMSE,3.68670210048,GE03,2020-01-20,20.462008289706667
SMSE_B22_1_GE03_15_18,120,SMSE,4.15021643008,GE03,2021-01-06,24.612224719786667
SMSE_B22_1_GE03_15_18,132,SMSE,3.69843195904,GE03,2022-01-08,28.310656678826668
SMSE_B22_1_GE03_15_18,144,SMSE,4.2163181312,GE03,2023-01-10,32.526974810026665
SMSE_B22_1_GE03_15_18,155,SMSE,5.10177927168,GE03,2023-12-19,37.62875408170667
SMSE_B22_1_GE06_30_5,44,SMSE,2.15556165888,GE06,2014-09-23,2.15556165888
SMSE_B22_1_GE06_30_5,48,SMSE,2.15547138389333,GE06,2015-01-12,4.31103304277333
SMSE_B22_1_GE06_30_5,60,SMSE,2.3777045376,GE06,2016-01-20,6.6887375803733295
SMSE_B22_1_GE06_30_5,72,SMSE,2.65581090133333,GE06,2017-01-17,9.34454848170666
SMSE_B22_1_GE06_30_5,84,SMSE,4.173050112,GE06,2018-01-11,13.51759859370666
SMSE_B22_1_GE06_30_5,96,SMSE,3.67100095488,GE06,2019-01-24,17.18859954858666
SMSE_B22_1_GE06_30_5,108,SMSE,3.75576073898667,GE06,2020-01-28,20.94436028757333
SMSE_B22_1_GE06_30_5,120,SMSE,4.21571311616,GE06,2021-01-08,25.16007340373333
SMSE_B22_1_GE06_30_5,132,SMSE,5.50787099221333,GE06,2022-01-12,30.66794439594666
SMSE_B22_1_GE06_30_5,144,SMSE,4.2239188992,GE06,2023-01-13,34.891863295146656
SMSE_B22_1_GE06_30_5,155,SMSE,4.3831968768,GE06,2023-12-23,39.275060171946656
SMSE_B22_1_GE06_31_4,44,SMSE,2.43759467989333,GE06,2014-09-23,2.43759467989333
SMSE_B22_1_GE06_31_4,48,SMSE,2.3331676928,GE06,2015-01-12,4.77076237269333
SMSE_B22_1_GE06_31_4,60,SMSE,2.38895083093333,GE06,2016-01-20,7.15971320362666
SMSE_B22_1_GE06_31_4,72,SMSE,2.96159553536,GE06,2017-01-17,10.12130873898666
SMSE_B22_1_GE06_31_4,84,SMSE,3.49988954112,GE06,2018-01-11,13.62119828010666
SMSE_B22_1_GE06_31_4,96,SMSE,4.23741526357333,GE06,2019-01-24,17.85861354367999
SMSE_B22_1_GE06_31_4,108,SMSE,3.54895790592,GE06,2020-01-28,21.407571449599992
SMSE_B22_1_GE06_31_4,120,SMSE,4.30415295146667,GE06,2021-01-08,25.71172440106666
SMSE_B22_1_GE06_31_4,132,SMSE,6.41094103552,GE06,2022-01-12,32.12266543658666
SMSE_B22_1_GE06_31_4,144,SMSE,4.28353938432,GE06,2023-01-13,36.40620482090666
SMSE_B22_1_GE06_31_4,155,SMSE,4.97316676266667,GE06,2023-12-23,41.37937158357333
SMSE_B22_1_GE06_31_5,44,SMSE,2.35257082368,GE06,2014-09-23,2.35257082368
SMSE_B22_1_GE06_31_5,48,SMSE,2.11286854613333,GE06,2015-01-12,4.46543936981333
SMSE_B22_1_GE06_31_5,60,SMSE,2.43906868053333,GE06,2016-01-20,6.90450805034666
SMSE_B22_1_GE06_31_5,72,SMSE,2.76531374933333,GE06,2017-01-17,9.66982179967999
SMSE_B22_1_GE06_31_5,84,SMSE,4.12307331072,GE06,2018-01-11,13.79289511039999
SMSE_B22_1_GE06_31_5,96,SMSE,3.644530176,GE06,2019-01-24,17.43742528639999
SMSE_B22_1_GE06_31_5,108,SMSE,3.85958712832,GE06,2020-01-28,21.29701241471999
SMSE_B22_1_GE06_31_5,120,SMSE,4.5743584768,GE06,2021-01-08,25.87137089151999
SMSE_B22_1_GE06_31_5,132,SMSE,4.7540473344,GE06,2022-01-12,30.62541822591999
SMSE_B22_1_GE06_31_5,144,SMSE,5.27459758336,GE06,2023-01-13,35.90001580927999
SMSE_B22_1_GE06_31_5,155,SMSE,4.87349586602667,GE06,2023-12-23,40.773511675306665
SMSE_B22_1_GE09_25_18,44,SMSE,2.28676310016,GE09,2014-09-23,2.28676310016
SMSE_B22_1_GE09_25_18,48,SMSE,3.0795235072,GE09,2015-01-12,5.366286607359999
SMSE_B22_1_GE09_25_18,60,SMSE,2.40302443733333,GE09,2016-01-19,7.769311044693329
SMSE_B22_1_GE09_25_18,72,SMSE,2.37387572053333,GE09,2017-01-16,10.143186765226659
SMSE_B22_1_GE09_25_18,84,SMSE,3.47163697365333,GE09,2018-01-10,13.61482373887999
SMSE_B22_1_GE09_25_18,96,SMSE,4.050859008,GE09,2019-01-23,17.665682746879988
SMSE_B22_1_GE09_25_18,108,SMSE,5.05312521728,GE09,2020-01-21,22.718807964159986
SMSE_B22_1_GE09_25_18,120,SMSE,4.64563570688,GE09,2021-01-07,27.364443671039986
SMSE_B22_1_GE09_25_18,132,SMSE,4.77170833066667,GE09,2022-01-11,32.136152001706655
SMSE_B22_1_GE09_25_18,144,SMSE,5.18786312277333,GE09,2023-01-12,37.324015124479985
SMSE_B22_1_GE09_25_18,155,SMSE,5.21183392426667,GE09,2023-12-21,42.535849048746655
SMSE_B22_1_GE09_26_19,44,SMSE,1.8818252544,GE09,2014-09-23,1.8818252544
SMSE_B22_1_GE09_26_19,48,SMSE,2.07425885333333,GE09,2015-01-12,3.9560841077333304
SMSE_B22_1_GE09_26_19,60,SMSE,2.13634385066667,GE09,2016-01-19,6.0924279584
SMSE_B22_1_GE09_26_19,72,SMSE,2.91583535786667,GE09,2017-01-16,9.008263316266671
SMSE_B22_1_GE09_26_19,84,SMSE,3.4339127424,GE09,2018-01-10,12.442176058666671
SMSE_B22_1_GE09_26_19,96,SMSE,4.76455944533333,GE09,2019-01-23,17.206735504
SMSE_B22_1_GE09_26_19,108,SMSE,4.46014812842667,GE09,2020-01-21,21.66688363242667
SMSE_B22_1_GE09_26_19,120,SMSE,3.7714553856,GE09,2021-01-07,25.43833901802667
SMSE_B22_1_GE09_26_19,144,SMSE,4.79135842304,GE09,2023-01-12,30.22969744106667
SMSE_B22_1_GE09_26_19,155,SMSE,5.46425395712,GE09,2023-12-21,35.69395139818667
SMSE_B22_1_GE09_27_18,44,SMSE,2.09340809216,GE09,2014-09-23,2.09340809216
SMSE_B22_1_GE09_27_18,48,SMSE,2.63168645973333,GE09,2015-01-12,4.72509455189333
SMSE_B22_1_GE09_27_18,60,SMSE,2.7423053056,GE09,2016-01-19,7.46739985749333
SMSE_B22_1_GE09_27_18,72,SMSE,2.30180073984,GE09,2017-01-16,9.769200597333331
SMSE_B22_1_GE09_27_18,84,SMSE,3.32945595136,GE09,2018-01-10,13.09865654869333
SMSE_B22_1_GE09_27_18,96,SMSE,3.9556651008,GE09,2019-01-23,17.054321649493332
SMSE_B22_1_GE09_27_18,108,SMSE,4.35081120768,GE09,2020-01-21,21.40513285717333
SMSE_B22_1_GE09_27_18,120,SMSE,4.687434752,GE09,2021-01-07,26.09256760917333
SMSE_B22_1_GE09_27_18,132,SMSE,5.14028150272,GE09,2022-01-11,31.23284911189333
SMSE_B22_1_GE09_27_18,144,SMSE,4.70433232042667,GE09,2023-01-12,35.93718143232
SMSE_B22_1_GE09_27_18,155,SMSE,5.5253135616,GE09,2023-12-21,41.462494993920004
SMSE_B22_1_GE12_30_8,44,SMSE,2.17262248896,GE12,2014-09-24,2.17262248896
SMSE_B22_1_GE12_30_8,48,SMSE,1.93621857408,GE12,2015-01-14,4.10884106304
SMSE_B22_1_GE12_30_8,60,SMSE,2.57656682752,GE12,2016-01-20,6.6854078905600005
SMSE_B22_1_GE12_30_8,72,SMSE,2.602722304,GE12,2017-01-17,9.28813019456
SMSE_B22_1_GE12_30_8,84,SMSE,3.18546917546667,GE12,2018-01-10,12.47359937002667
SMSE_B22_1_GE12_30_8,96,SMSE,3.48816211968,GE12,2019-01-24,15.96176148970667
SMSE_B22_1_GE12_30_8,108,SMSE,3.02551834965333,GE12,2020-01-24,18.98727983936
SMSE_B22_1_GE12_30_8,120,SMSE,4.05937450837333,GE12,2021-01-09,23.04665434773333
SMSE_B22_1_GE12_30_8,132,SMSE,6.32059456,GE12,2022-01-12,29.36724890773333
SMSE_B22_1_GE12_30_8,144,SMSE,5.23267130026667,GE12,2023-01-14,34.599920208
SMSE_B22_1_GE12_30_8,155,SMSE,4.51507187712,GE12,2023-12-23,39.11499208512
SMSE_B22_1_GE12_30_9,44,SMSE,2.28214331072,GE12,2014-09-24,2.28214331072
SMSE_B22_1_GE12_30_9,48,SMSE,2.57196991146667,GE12,2015-01-14,4.85411322218667
SMSE_B22_1_GE12_30_9,60,SMSE,2.35725679616,GE12,2016-01-20,7.2113700183466705
SMSE_B22_1_GE12_30_9,72,SMSE,3.57750450176,GE12,2017-01-17,10.78887452010667
SMSE_B22_1_GE12_30_9,84,SMSE,4.3320752384,GE12,2018-01-10,15.12094975850667
SMSE_B22_1_GE12_30_9,96,SMSE,4.5532256,GE12,2019-01-24,19.67417535850667
SMSE_B22_1_GE12_30_9,108,SMSE,4.09793319936,GE12,2020-01-24,23.77210855786667
SMSE_B22_1_GE12_30_9,120,SMSE,3.8095110144,GE12,2021-01-09,27.581619572266668
SMSE_B22_1_GE12_30_9,132,SMSE,4.99954635264,GE12,2022-01-12,32.58116592490667
SMSE_B22_1_GE12_30_9,144,SMSE,5.71983777792,GE12,2023-01-14,38.30100370282667
SMSE_B22_1_GE12_30_9,155,SMSE,4.9966565376,GE12,2023-12-23,43.297660240426666
SMSE_B22_1_GE16_37_13,45,SMSE,2.14280414805333,GE16,2014-10-01,2.14280414805333
SMSE_B22_1_GE16_37_13,48,SMSE,2.23318159530667,GE16,2015-01-19,4.375985743359999
SMSE_B22_1_GE16_37_13,60,SMSE,2.79214902997333,GE16,2016-01-21,7.168134773333329
SMSE_B22_1_GE16_37_13,72,SMSE,3.25141723648,GE16,2017-01-18,10.41955200981333
SMSE_B22_1_GE16_37_13,84,SMSE,3.71344380586667,GE16,2018-01-12,14.132995815680001
SMSE_B22_1_GE16_37_13,96,SMSE,4.53051286016,GE16,2019-01-26,18.66350867584
SMSE_B22_1_GE16_37_13,108,SMSE,4.25617296384,GE16,2020-01-29,22.91968163968
SMSE_B22_1_GE16_37_13,120,SMSE,5.6703618048,GE16,2021-01-11,28.59004344448
SMSE_B22_1_GE16_37_13,132,SMSE,5.31332006912,GE16,2022-01-13,33.9033635136
SMSE_B22_1_GE16_37_13,144,SMSE,4.59600609365333,GE16,2023-01-16,38.49936960725333
SMSE_B22_1_GE16_37_13,155,SMSE,4.85869747029333,GE16,2023-12-27,43.35806707754666
SMSE_B22_1_GE16_37_14,45,SMSE,2.23539384021333,GE16,2014-10-01,2.23539384021333
SMSE_B22_1_GE16_37_14,48,SMSE,2.419157664,GE16,2015-01-19,4.65455150421333
SMSE_B22_1_GE16_37_14,60,SMSE,2.9298687264,GE16,2016-01-21,7.584420230613331
SMSE_B22_1_GE16_37_14,72,SMSE,3.42172135424,GE16,2017-01-18,11.006141584853331
SMSE_B22_1_GE16_37_14,84,SMSE,3.9379167744,GE16,2018-01-12,14.944058359253331
SMSE_B22_1_GE16_37_14,96,SMSE,3.85822985557333,GE16,2019-01-26,18.80228821482666
SMSE_B22_1_GE16_37_14,108,SMSE,4.36622721024,GE16,2020-01-29,23.16851542506666
SMSE_B22_1_GE16_37_14,120,SMSE,4.42206162944,GE16,2021-01-11,27.59057705450666
SMSE_B22_1_GE16_37_14,132,SMSE,4.91949203797333,GE16,2022-01-13,32.51006909247999
SMSE_B22_1_GE16_37_14,144,SMSE,5.04140419328,GE16,2023-01-16,37.55147328575999
SMSE_B22_1_GE16_37_14,155,SMSE,4.42860448426667,GE16,2023-12-27,41.98007777002666
SMSE_B22_1_GE16_37_15,45,SMSE,1.84376627456,GE16,2014-10-01,1.84376627456
SMSE_B22_1_GE16_37_15,48,SMSE,2.05315377493333,GE16,2015-01-19,3.89692004949333
SMSE_B22_1_GE16_37_15,60,SMSE,2.57823432533333,GE16,2016-01-21,6.47515437482666
SMSE_B22_1_GE16_37_15,72,SMSE,2.32620626261333,GE16,2017-01-18,8.801360637439991
SMSE_B22_1_GE16_37_15,84,SMSE,3.22532685141333,GE16,2018-01-12,12.026687488853321
SMSE_B22_1_GE16_37_15,96,SMSE,4.01283181226667,GE16,2019-01-26,16.03951930111999
SMSE_B22_1_GE16_37_15,108,SMSE,3.37632268288,GE16,2020-01-29,19.415841983999993
SMSE_B22_1_GE16_37_15,120,SMSE,4.38805730645333,GE16,2021-01-11,23.803899290453323
SMSE_B22_1_GE16_37_15,132,SMSE,4.76816191488,GE16,2022-01-13,28.572061205333323
SMSE_B22_1_GE16_37_15,144,SMSE,4.6570743296,GE16,2023-01-16,33.22913553493332
SMSE_B22_1_GE16_37_15,155,SMSE,3.99557923669333,GE16,2023-12-27,37.22471477162665
SMSE_B22_2_GE02_42_20,45,SMSE,1.98510247936,GE02,2014-10-07,1.98510247936
SMSE_B22_2_GE02_42_20,48,SMSE,1.825248656,GE02,2015-01-21,3.8103511353600004
SMSE_B22_2_GE02_42_20,60,SMSE,2.03019712,GE02,2016-01-25,5.84054825536
SMSE_B22_2_GE02_42_20,72,SMSE,2.51991729322667,GE02,2017-01-19,8.36046554858667
SMSE_B22_2_GE02_42_20,84,SMSE,2.55962427392,GE02,2018-01-12,10.920089822506672
SMSE_B22_2_GE02_42_20,96,SMSE,3.913161728,GE02,2019-01-17,14.833251550506672
SMSE_B22_2_GE02_42_20,109,SMSE,4.18425538048,GE02,2020-02-01,19.01750693098667
SMSE_B22_2_GE02_42_20,120,SMSE,3.41493133482667,GE02,2021-01-13,22.43243826581334
SMSE_B22_2_GE02_42_20,132,SMSE,5.15124468394667,GE02,2022-01-14,27.58368294976001
SMSE_B22_2_GE02_42_20,144,SMSE,3.708664512,GE02,2023-01-20,31.29234746176001
SMSE_B22_2_GE02_42_20,155,SMSE,4.29406083754667,GE02,2023-12-29,35.58640829930668
SMSE_B22_2_GE03_40_3,45,SMSE,2.24156259712,GE03,2014-10-02,2.24156259712
SMSE_B22_2_GE03_40_3,48,SMSE,2.28646226816,GE03,2015-01-20,4.528024865280001
SMSE_B22_2_GE03_40_3,60,SMSE,2.2432928,GE03,2016-01-23,6.771317665280001
SMSE_B22_2_GE03_40_3,72,SMSE,2.85323894613333,GE03,2017-01-18,9.62455661141333
SMSE_B22_2_GE03_40_3,84,SMSE,3.10004151893333,GE03,2018-01-11,12.72459813034666
SMSE_B22_2_GE03_40_3,96,SMSE,3.94204281856,GE03,2019-01-16,16.66664094890666
SMSE_B22_2_GE03_40_3,108,SMSE,3.91566647808,GE03,2020-01-30,20.58230742698666
SMSE_B22_2_GE03_40_3,120,SMSE,3.67511125930667,GE03,2021-01-14,24.25741868629333
SMSE_B22_2_GE03_40_3,132,SMSE,4.28827673941333,GE03,2022-01-13,28.54569542570666
SMSE_B22_2_GE03_40_3,144,SMSE,5.835744768,GE03,2023-01-18,34.38144019370666
SMSE_B22_2_GE03_40_3,155,SMSE,4.01901925376,GE03,2023-12-28,38.40045944746666
SMSE_B22_2_GE03_40_4,45,SMSE,2.07627133056,GE03,2014-10-02,2.07627133056
SMSE_B22_2_GE03_40_4,48,SMSE,1.99346256256,GE03,2015-01-20,4.0697338931200004
SMSE_B22_2_GE03_40_4,60,SMSE,2.2269854208,GE03,2016-01-23,6.296719313920001
SMSE_B22_2_GE03_40_4,72,SMSE,2.35342340949333,GE03,2017-01-18,8.650142723413332
SMSE_B22_2_GE03_40_4,84,SMSE,3.03284473856,GE03,2018-01-11,11.682987461973331
SMSE_B22_2_GE03_40_4,96,SMSE,3.3405695232,GE03,2019-01-16,15.023556985173332
SMSE_B22_2_GE03_40_4,108,SMSE,3.08094211413333,GE03,2020-01-30,18.10449909930666
SMSE_B22_2_GE03_40_4,120,SMSE,3.66505641301333,GE03,2021-01-14,21.76955551231999
SMSE_B22_2_GE03_40_4,132,SMSE,4.4142214144,GE03,2022-01-13,26.18377692671999
SMSE_B22_2_GE03_40_4,144,SMSE,4.8997901568,GE03,2023-01-18,31.083567083519988
SMSE_B22_2_GE03_40_4,155,SMSE,3.73132251818667,GE03,2023-12-28,34.81488960170666
SMSE_B22_2_GE03_41_3,45,SMSE,1.89980470101333,GE03,2014-10-02,1.89980470101333
SMSE_B22_2_GE03_41_3,48,SMSE,1.99187594666667,GE03,2015-01-20,3.8916806476800003
SMSE_B22_2_GE03_41_3,60,SMSE,1.884259328,GE03,2016-01-23,5.77593997568
SMSE_B22_2_GE03_41_3,72,SMSE,2.36978765482667,GE03,2017-01-18,8.14572763050667
SMSE_B22_2_GE03_41_3,84,SMSE,2.65166779733333,GE03,2018-01-11,10.79739542784
SMSE_B22_2_GE03_41_3,96,SMSE,3.35061066069333,GE03,2019-01-16,14.148006088533329
SMSE_B22_2_GE03_41_3,108,SMSE,3.67043919872,GE03,2020-01-30,17.81844528725333
SMSE_B22_2_GE03_41_3,120,SMSE,3.16000350549333,GE03,2021-01-14,20.978448792746658
SMSE_B22_2_GE03_41_3,132,SMSE,4.27562981290667,GE03,2022-01-13,25.254078605653326
SMSE_B22_2_GE03_41_3,144,SMSE,4.4404448256,GE03,2023-01-18,29.694523431253327
SMSE_B22_2_GE03_41_3,155,SMSE,3.50144320512,GE03,2023-12-28,33.19596663637333
SMSE_B22_2_GE06_56_13,45,SMSE,2.04130378666667,GE06,2014-10-11,2.04130378666667
SMSE_B22_2_GE06_56_13,48,SMSE,2.24102607530667,GE06,2015-01-26,4.28232986197334
SMSE_B22_2_GE06_56_13,60,SMSE,2.13727411968,GE06,2016-01-27,6.4196039816533395
SMSE_B22_2_GE06_56_13,72,SMSE,2.91694993408,GE06,2017-01-21,9.33655391573334
SMSE_B22_2_GE06_56_13,84,SMSE,3.62382806016,GE06,2018-01-15,12.960381975893341
SMSE_B22_2_GE06_56_13,96,SMSE,4.14449478314667,GE06,2019-01-22,17.10487675904001
SMSE_B22_2_GE06_56_13,109,SMSE,3.97310188202667,GE06,2020-02-04,21.07797864106668
SMSE_B22_2_GE06_56_13,120,SMSE,4.18143502336,GE06,2021-01-15,25.259413664426678
SMSE_B22_2_GE06_56_13,132,SMSE,5.15948783616,GE06,2022-01-17,30.418901500586678
SMSE_B22_2_GE06_56_13,144,SMSE,6.84445451946667,GE06,2023-01-24,37.26335602005335
SMSE_B22_2_GE06_56_13,156,SMSE,4.46194997248,GE06,2024-01-03,41.72530599253335
SMSE_B22_2_GE09_56_14,45,SMSE,2.17283703168,GE09,2014-10-11,2.17283703168
SMSE_B22_2_GE09_56_14,48,SMSE,2.24556043861333,GE09,2015-01-26,4.41839747029333
SMSE_B22_2_GE09_56_14,60,SMSE,2.5880832096,GE09,2016-01-27,7.006480679893331
SMSE_B22_2_GE09_56_14,72,SMSE,3.44476980736,GE09,2017-01-21,10.451250487253331
SMSE_B22_2_GE09_56_14,84,SMSE,4.0476176384,GE09,2018-01-15,14.498868125653331
SMSE_B22_2_GE09_56_14,96,SMSE,3.25666009088,GE09,2019-01-22,17.75552821653333
SMSE_B22_2_GE09_56_14,109,SMSE,3.00586135210667,GE09,2020-02-04,20.761389568640002
SMSE_B22_2_GE09_56_14,120,SMSE,4.6781005824,GE09,2021-01-15,25.43949015104
SMSE_B22_2_GE09_56_14,132,SMSE,4.46710204416,GE09,2022-01-17,29.906592195200002
SMSE_B22_2_GE09_56_14,144,SMSE,5.5545559552,GE09,2023-01-24,35.4611481504
SMSE_B22_2_GE09_56_14,156,SMSE,5.23099049984,GE09,2024-01-03,40.69213865024
SMSE_B22_2_GE09_57_13,45,SMSE,2.01859521024,GE09,2014-10-11,2.01859521024
SMSE_B22_2_GE09_57_13,48,SMSE,1.67790586432,GE09,2015-01-26,3.69650107456
SMSE_B22_2_GE09_57_13,60,SMSE,1.68042978133333,GE09,2016-01-27,5.37693085589333
SMSE_B22_2_GE09_57_13,72,SMSE,3.15270311253333,GE09,2017-01-21,8.52963396842666
SMSE_B22_2_GE09_57_13,84,SMSE,3.85232618624,GE09,2018-01-15,12.381960154666661
SMSE_B22_2_GE09_57_13,96,SMSE,3.93927871829333,GE09,2019-01-22,16.32123887295999
SMSE_B22_2_GE09_57_13,109,SMSE,3.60073350485333,GE09,2020-02-04,19.921972377813322
SMSE_B22_2_GE09_57_13,120,SMSE,4.59356877056,GE09,2021-01-15,24.515541148373323
SMSE_B22_2_GE09_57_13,132,SMSE,4.67186521088,GE09,2022-01-17,29.187406359253323
SMSE_B22_2_GE09_57_13,144,SMSE,7.74291546112,GE09,2023-01-24,36.93032182037332
SMSE_B22_2_GE09_57_13,156,SMSE,4.75573097813333,GE09,2024-01-03,41.68605279850665
SMSE_B22_2_GE09_60_5,45,SMSE,3.21060522496,GE09,2014-10-11,3.21060522496
SMSE_B22_2_GE09_60_5,48,SMSE,2.74335910613333,GE09,2015-01-26,5.95396433109333
SMSE_B22_2_GE09_60_5,60,SMSE,2.78211159893333,GE09,2016-01-27,8.73607593002666
SMSE_B22_2_GE09_60_5,72,SMSE,2.57362085717333,GE09,2017-01-21,11.30969678719999
SMSE_B22_2_GE09_60_5,84,SMSE,4.565213184,GE09,2018-01-15,15.87490997119999
SMSE_B22_2_GE09_60_5,96,SMSE,4.767372288,GE09,2019-01-23,20.64228225919999
SMSE_B22_2_GE09_60_5,109,SMSE,4.88678141952,GE09,2020-02-04,25.529063678719993
SMSE_B22_2_GE09_60_5,120,SMSE,4.26439865002667,GE09,2021-01-16,29.793462328746664
SMSE_B22_2_GE09_60_5,132,SMSE,5.6244830208,GE09,2022-01-17,35.41794534954666
SMSE_B22_2_GE09_60_5,144,SMSE,7.81497013248,GE09,2023-01-27,43.23291548202666
SMSE_B22_2_GE09_60_5,156,SMSE,6.00178819072,GE09,2024-01-04,49.23470367274666
SMSE_B22_2_GE09_61_5,45,SMSE,2.49879538346667,GE09,2014-10-11,2.49879538346667
SMSE_B22_2_GE09_61_5,48,SMSE,2.50276626432,GE09,2015-01-26,5.001561647786669
SMSE_B22_2_GE09_61_5,60,SMSE,2.568815872,GE09,2016-01-27,7.570377519786669
SMSE_B22_2_GE09_61_5,72,SMSE,3.63408914773333,GE09,2017-01-21,11.204466667519998
SMSE_B22_2_GE09_61_5,84,SMSE,2.33511637333333,GE09,2018-01-15,13.539583040853328
SMSE_B22_2_GE09_61_5,96,SMSE,4.39673101653333,GE09,2019-01-23,17.93631405738666
SMSE_B22_2_GE09_61_5,109,SMSE,4.41413215488,GE09,2020-02-04,22.35044621226666
SMSE_B22_2_GE09_61_5,120,SMSE,4.20968997717333,GE09,2021-01-16,26.56013618943999
SMSE_B22_2_GE09_61_5,132,SMSE,5.83179968,GE09,2022-01-17,32.39193586943999
SMSE_B22_2_GE09_61_5,144,SMSE,5.63374854485333,GE09,2023-01-27,38.02568441429332
SMSE_B22_2_GE09_61_5,156,SMSE,4.88181253802667,GE09,2024-01-04,42.907496952319995
SMSE_B22_2_GE09_62_5,45,SMSE,2.07106356053333,GE09,2014-10-11,2.07106356053333
SMSE_B22_2_GE09_62_5,48,SMSE,2.44678835968,GE09,2015-01-26,4.51785192021333
SMSE_B22_2_GE09_62_5,60,SMSE,1.87577256533333,GE09,2016-01-27,6.39362448554666
SMSE_B22_2_GE09_62_5,72,SMSE,2.63332765696,GE09,2017-01-21,9.02695214250666
SMSE_B22_2_GE09_62_5,84,SMSE,3.34808377344,GE09,2018-01-15,12.375035915946661
SMSE_B22_2_GE09_62_5,96,SMSE,4.5984250368,GE09,2019-01-23,16.973460952746663
SMSE_B22_2_GE09_62_5,109,SMSE,3.87319661568,GE09,2020-02-04,20.846657568426664
SMSE_B22_2_GE09_62_5,120,SMSE,4.06263050069333,GE09,2021-01-16,24.909288069119995
SMSE_B22_2_GE09_62_5,132,SMSE,4.12593205248,GE09,2022-01-17,29.035220121599995
SMSE_B22_2_GE09_62_5,144,SMSE,6.22879617024,GE09,2023-01-27,35.264016291839994
SMSE_B22_2_GE09_62_5,156,SMSE,5.37143888213333,GE09,2024-01-04,40.63545517397333
SMSE_B22_2_GE12_56_3,45,SMSE,2.50706717184,GE12,2014-10-10,2.50706717184
SMSE_B22_2_GE12_56_3,48,SMSE,2.5412710848,GE12,2015-01-24,5.04833825664
SMSE_B22_2_GE12_56_3,60,SMSE,2.27884403413333,GE12,2016-01-27,7.3271822907733295
SMSE_B22_2_GE12_56_3,72,SMSE,3.42795794432,GE12,2017-01-21,10.755140235093329
SMSE_B22_2_GE12_56_3,84,SMSE,3.54204156245333,GE12,2018-01-15,14.297181797546658
SMSE_B22_2_GE12_56_3,96,SMSE,3.84351614976,GE12,2019-01-21,18.14069794730666
SMSE_B22_2_GE12_56_3,109,SMSE,3.91250939221333,GE12,2020-02-03,22.05320733951999
SMSE_B22_2_GE12_56_3,120,SMSE,4.37486761301333,GE12,2021-01-15,26.42807495253332
SMSE_B22_2_GE12_56_3,132,SMSE,5.15939806890667,GE12,2022-01-15,31.58747302143999
SMSE_B22_2_GE12_56_3,144,SMSE,6.08635097429333,GE12,2023-01-25,37.67382399573332
SMSE_B22_2_GE12_56_3,156,SMSE,4.96382203221333,GE12,2024-01-03,42.63764602794665
SMSE_B22_2_GE12_57_3,45,SMSE,2.61958171626667,GE12,2014-10-10,2.61958171626667
SMSE_B22_2_GE12_57_3,48,SMSE,3.01390313728,GE12,2015-01-24,5.63348485354667
SMSE_B22_2_GE12_57_3,60,SMSE,1.873589312,GE12,2016-01-27,7.50707416554667
SMSE_B22_2_GE12_57_3,72,SMSE,3.22758524928,GE12,2017-01-21,10.73465941482667
SMSE_B22_2_GE12_57_3,84,SMSE,4.27236397056,GE12,2018-01-15,15.00702338538667
SMSE_B22_2_GE12_57_3,96,SMSE,4.16618251093333,GE12,2019-01-21,19.17320589632
SMSE_B22_2_GE12_57_3,109,SMSE,3.68120639488,GE12,2020-02-03,22.8544122912
SMSE_B22_2_GE12_57_3,120,SMSE,4.40867412309333,GE12,2021-01-15,27.26308641429333
SMSE_B22_2_GE12_57_3,132,SMSE,4.90627350528,GE12,2022-01-15,32.16935991957333
SMSE_B22_2_GE12_57_3,144,SMSE,5.4996263168,GE12,2023-01-25,37.66898623637333
SMSE_B22_2_GE12_57_3,156,SMSE,4.20392334506667,GE12,2024-01-03,41.87290958144
SMSE_B22_2_GE12_57_4,45,SMSE,2.80076379221333,GE12,2014-10-10,2.80076379221333
SMSE_B22_2_GE12_57_4,48,SMSE,3.00482775936,GE12,2015-01-24,5.80559155157333
SMSE_B22_2_GE12_57_4,60,SMSE,2.05953801386667,GE12,2016-01-27,7.86512956544
SMSE_B22_2_GE12_57_4,72,SMSE,3.17773456896,GE12,2017-01-21,11.0428641344
SMSE_B22_2_GE12_57_4,84,SMSE,3.23288659456,GE12,2018-01-15,14.27575072896
SMSE_B22_2_GE12_57_4,96,SMSE,3.404991744,GE12,2019-01-21,17.68074247296
SMSE_B22_2_GE12_57_4,109,SMSE,3.93943591253333,GE12,2020-02-03,21.62017838549333
SMSE_B22_2_GE12_57_4,120,SMSE,4.86463104512,GE12,2021-01-15,26.48480943061333
SMSE_B22_2_GE12_57_4,132,SMSE,4.9233723392,GE12,2022-01-15,31.40818176981333
SMSE_B22_2_GE12_57_4,144,SMSE,6.72291189248,GE12,2023-01-25,38.13109366229333
SMSE_B22_2_GE12_57_4,156,SMSE,4.43562054656,GE12,2024-01-03,42.566714208853334
SMSE_B22_2_GE16_75_3,45,SMSE,2.23936934144,GE16,2014-10-14,2.23936934144
SMSE_B22_2_GE16_75_3,48,SMSE,1.77384621568,GE16,2015-01-28,4.0132155571200006
SMSE_B22_2_GE16_75_3,61,SMSE,2.1684336128,GE16,2016-02-02,6.18164916992
SMSE_B22_2_GE16_75_3,72,SMSE,3.4143076352,GE16,2017-01-24,9.59595680512
SMSE_B22_2_GE16_75_3,84,SMSE,3.86672788992,GE16,2018-01-17,13.46268469504
SMSE_B22_2_GE16_75_3,96,SMSE,3.6737390592,GE16,2019-01-26,17.13642375424
SMSE_B22_2_GE16_75_3,109,SMSE,4.88877010944,GE16,2020-02-08,22.02519386368
SMSE_B22_2_GE16_75_3,120,SMSE,4.67463357610667,GE16,2021-01-18,26.699827439786667
SMSE_B22_2_GE16_75_3,132,SMSE,5.43649333248,GE16,2022-01-19,32.136320772266664
SMSE_B22_2_GE16_75_3,145,SMSE,5.19504937728,GE16,2023-02-03,37.331370149546665
SMSE_B22_2_GE16_75_3,156,SMSE,5.27623482026667,GE16,2024-01-08,42.60760496981334
SMSE_B22_2_GE16_76_5,45,SMSE,2.3766459136,GE16,2014-10-14,2.3766459136
SMSE_B22_2_GE16_76_5,48,SMSE,1.9159236096,GE16,2015-01-28,4.2925695232
SMSE_B22_2_GE16_76_5,61,SMSE,2.3822497664,GE16,2016-02-02,6.6748192896
SMSE_B22_2_GE16_76_5,72,SMSE,2.72338655232,GE16,2017-01-24,9.39820584192
SMSE_B22_2_GE16_76_5,84,SMSE,3.54065768448,GE16,2018-01-17,12.938863526399999
SMSE_B22_2_GE16_76_5,96,SMSE,3.863718656,GE16,2019-01-26,16.8025821824
SMSE_B22_2_GE16_76_5,109,SMSE,4.96297310208,GE16,2020-02-08,21.765555284479998
SMSE_B22_2_GE16_76_5,120,SMSE,4.13302407168,GE16,2021-01-18,25.89857935616
SMSE_B22_2_GE16_76_5,132,SMSE,5.40477939456,GE16,2022-01-19,31.30335875072
SMSE_B22_2_GE16_76_5,145,SMSE,4.86720159744,GE16,2023-02-03,36.17056034816
SMSE_B22_2_GE16_76_5,156,SMSE,4.265995776,GE16,2024-01-08,40.43655612416
TOWE_POGP37_1_GE02_4_10,48,TOWE,1.10053418141333,GE02,2016-06-03,1.10053418141333
TOWE_POGP37_1_GE02_4_10,60,TOWE,1.29827092061333,GE02,2017-06-28,2.3988051020266603
TOWE_POGP37_1_GE02_4_10,73,TOWE,1.84846613952,GE02,2018-07-27,4.2472712415466605
TOWE_POGP37_1_GE02_4_10,86,TOWE,2.19864231253333,GE02,2019-08-06,6.44591355407999
TOWE_POGP37_1_GE02_4_10,98,TOWE,2.560253696,GE02,2020-08-05,9.00616725007999
TOWE_POGP37_1_GE02_4_10,112,TOWE,2.81266404085333,GE02,2021-10-06,11.81883129093332
TOWE_POGP37_1_GE02_4_10,123,TOWE,2.9112319236,GE02,2022-09-20,14.73006321453332
TOWE_POGP37_1_GE02_4_10,134,TOWE,2.87950756426667,GE02,2023-08-30,17.60957077879999
TOWE_POGP37_1_GE02_4_8,48,TOWE,1.12213514746667,GE02,2016-06-03,1.12213514746667
TOWE_POGP37_1_GE02_4_8,60,TOWE,1.6435443024,GE02,2017-06-28,2.76567944986667
TOWE_POGP37_1_GE02_4_8,73,TOWE,1.84804993706667,GE02,2018-07-12,4.61372938693334
TOWE_POGP37_1_GE02_4_8,86,TOWE,2.17797035456,GE02,2019-08-06,6.79169974149334
TOWE_POGP37_1_GE02_4_8,98,TOWE,2.51013610848,GE02,2020-08-05,9.30183584997334
TOWE_POGP37_1_GE02_4_8,112,TOWE,2.37728392234667,GE02,2021-10-06,11.67911977232001
TOWE_POGP37_1_GE02_4_8,123,TOWE,2.67242879904,GE02,2022-09-20,14.351548571360011
TOWE_POGP37_1_GE02_4_8,134,TOWE,2.43835415824,GE02,2023-08-30,16.789902729600012
TOWE_POGP37_1_GE02_4_9,48,TOWE,1.28475120106667,GE02,2016-06-03,1.28475120106667
TOWE_POGP37_1_GE02_4_9,60,TOWE,1.66776871594667,GE02,2017-06-28,2.95251991701334
TOWE_POGP37_1_GE02_4_9,73,TOWE,1.9410623232,GE02,2018-07-12,4.89358224021334
TOWE_POGP37_1_GE02_4_9,86,TOWE,2.53042293504,GE02,2019-08-06,7.42400517525334
TOWE_POGP37_1_GE02_4_9,98,TOWE,2.83705245824,GE02,2020-08-05,10.26105763349334
TOWE_POGP37_1_GE02_4_9,112,TOWE,2.92395345909333,GE02,2021-10-06,13.18501109258667
TOWE_POGP37_1_GE02_4_9,123,TOWE,2.73215710768,GE02,2022-09-20,15.91716820026667
TOWE_POGP37_1_GE02_4_9,134,TOWE,3.092056968,GE02,2023-08-30,19.00922516826667
TOWE_POGP37_1_GE03_4_14,48,TOWE,1.19378907648,GE03,2016-06-03,1.19378907648
TOWE_POGP37_1_GE03_4_14,60,TOWE,0.0,GE03,2017-06-28,1.19378907648
TOWE_POGP37_1_GE03_4_14,73,TOWE,2.25371877397333,GE03,2018-07-12,3.44750785045333
TOWE_POGP37_1_GE03_4_14,86,TOWE,2.91273595946667,GE03,2019-08-06,6.36024380992
TOWE_POGP37_1_GE03_4_14,98,TOWE,2.89542437184,GE03,2020-08-05,9.25566818176
TOWE_POGP37_1_GE03_4_14,112,TOWE,3.06983135125333,GE03,2021-10-06,12.325499533013332
TOWE_POGP37_1_GE03_4_14,123,TOWE,2.64512248,GE03,2022-09-20,14.970622013013331
TOWE_POGP37_1_GE03_4_14,134,TOWE,2.91834967424,GE03,2023-08-30,17.88897168725333
TOWE_POGP37_1_GE03_4_15,48,TOWE,1.19484292928,GE03,2016-06-03,1.19484292928
TOWE_POGP37_1_GE03_4_15,60,TOWE,2.00658612821333,GE03,2017-06-28,3.20142905749333
TOWE_POGP37_1_GE03_4_15,73,TOWE,2.01944569493333,GE03,2018-07-12,5.22087475242666
TOWE_POGP37_1_GE03_4_15,86,TOWE,2.84284,GE03,2019-08-06,8.063714752426659
TOWE_POGP37_1_GE03_4_15,98,TOWE,3.15866292074667,GE03,2020-08-05,11.222377673173328
TOWE_POGP37_1_GE03_4_15,112,TOWE,3.89982980053333,GE03,2021-10-06,15.12220747370666
TOWE_POGP37_1_GE03_4_15,123,TOWE,2.84019084682667,GE03,2022-09-20,17.962398320533328
TOWE_POGP37_1_GE03_4_15,134,TOWE,3.39622189573333,GE03,2023-08-30,21.358620216266658
TOWE_POGP37_1_GE03_5_15,48,TOWE,0.90699761152,GE03,2016-06-03,0.90699761152
TOWE_POGP37_1_GE03_5_15,60,TOWE,2.15678716586667,GE03,2017-06-28,3.06378477738667
TOWE_POGP37_1_GE03_5_15,73,TOWE,1.97921825434667,GE03,2018-07-12,5.04300303173334
TOWE_POGP37_1_GE03_5_15,86,TOWE,2.18240796106667,GE03,2019-08-06,7.225410992800009
TOWE_POGP37_1_GE03_5_15,98,TOWE,2.5085668608,GE03,2020-08-05,9.73397785360001
TOWE_POGP37_1_GE03_5_15,112,TOWE,2.75304458762667,GE03,2021-10-06,12.48702244122668
TOWE_POGP37_1_GE03_5_15,123,TOWE,2.94972950272,GE03,2022-09-20,15.43675194394668
TOWE_POGP37_1_GE03_5_15,134,TOWE,3.09587326048,GE03,2023-08-30,18.53262520442668
TOWE_POGP37_1_GE06_14_13,48,TOWE,1.33467638304,GE06,2016-06-08,1.33467638304
TOWE_POGP37_1_GE06_14_13,61,TOWE,1.88486474176,GE06,2017-07-04,3.2195411248
TOWE_POGP37_1_GE06_14_13,73,TOWE,2.30212638656,GE06,2018-07-19,5.5216675113600004
TOWE_POGP37_1_GE06_14_13,86,TOWE,0.0,GE06,2019-08-09,5.5216675113600004
TOWE_POGP37_1_GE06_14_13,98,TOWE,3.04418290176,GE06,2020-08-11,8.56585041312
TOWE_POGP37_1_GE06_14_13,112,TOWE,3.00247723776,GE06,2021-10-13,11.56832765088
TOWE_POGP37_1_GE06_14_13,123,TOWE,2.86696124381333,GE06,2022-09-23,14.43528889469333
TOWE_POGP37_1_GE06_14_13,135,TOWE,3.8453378964,GE06,2023-09-05,18.28062679109333
TOWE_POGP37_1_GE06_14_14,48,TOWE,1.106717612,GE06,2016-06-08,1.106717612
TOWE_POGP37_1_GE06_14_14,73,TOWE,2.03660673216,GE06,2018-07-19,3.14332434416
TOWE_POGP37_1_GE06_14_14,86,TOWE,0.0,GE06,2019-08-09,3.14332434416
TOWE_POGP37_1_GE06_14_14,98,TOWE,2.36821096512,GE06,2020-08-11,5.511535309279999
TOWE_POGP37_1_GE06_14_14,112,TOWE,2.58781915392,GE06,2021-10-13,8.0993544632
TOWE_POGP37_1_GE06_14_14,123,TOWE,2.67549282,GE06,2022-09-23,10.7748472832
TOWE_POGP37_1_GE06_14_14,135,TOWE,2.95891820224,GE06,2023-09-05,13.73376548544
TOWE_POGP37_1_GE06_14_15,48,TOWE,1.15710608346667,GE06,2016-06-08,1.15710608346667
TOWE_POGP37_1_GE06_14_15,61,TOWE,1.42332408885333,GE06,2017-07-04,2.58043017232
TOWE_POGP37_1_GE06_14_15,73,TOWE,1.89277984896,GE06,2018-07-19,4.47321002128
TOWE_POGP37_1_GE06_14_15,86,TOWE,2.18595219509333,GE06,2019-08-09,6.65916221637333
TOWE_POGP37_1_GE06_14_15,98,TOWE,2.59951894869333,GE06,2020-08-11,9.25868116506666
TOWE_POGP37_1_GE06_14_15,112,TOWE,2.85267937621333,GE06,2021-10-13,12.11136054127999
TOWE_POGP37_1_GE06_14_15,123,TOWE,3.26612117832,GE06,2022-09-23,15.37748171959999
TOWE_POGP37_1_GE06_14_15,135,TOWE,3.20359618245333,GE06,2023-09-05,18.58107790205332
TOWE_POGP37_1_GE09_19_3,48,TOWE,1.36760274317333,GE09,2016-06-14,1.36760274317333
TOWE_POGP37_1_GE09_19_3,61,TOWE,1.60639591112,GE09,2017-07-05,2.9739986542933297
TOWE_POGP37_1_GE09_19_3,73,TOWE,2.84335422037333,GE09,2018-07-20,5.81735287466666
TOWE_POGP37_1_GE09_19_3,86,TOWE,0.0,GE09,2019-08-13,5.81735287466666
TOWE_POGP37_1_GE09_19_3,98,TOWE,3.16922718112,GE09,2020-08-13,8.98658005578666
TOWE_POGP37_1_GE09_19_3,112,TOWE,2.55748004512,GE09,2021-10-14,11.54406010090666
TOWE_POGP37_1_GE09_19_3,123,TOWE,4.01327475882667,GE09,2022-09-30,15.55733485973333
TOWE_POGP37_1_GE09_19_3,135,TOWE,2.94450852696,GE09,2023-09-06,18.50184338669333
TOWE_POGP37_1_GE09_19_4,48,TOWE,1.22279084928,GE09,2016-06-14,1.22279084928
TOWE_POGP37_1_GE09_19_4,61,TOWE,2.10519557248,GE09,2017-07-05,3.32798642176
TOWE_POGP37_1_GE09_19_4,73,TOWE,2.641510872,GE09,2018-07-20,5.96949729376
TOWE_POGP37_1_GE09_19_4,86,TOWE,0.0,GE09,2019-08-08,5.96949729376
TOWE_POGP37_1_GE09_19_4,98,TOWE,3.46720646272,GE09,2020-08-13,9.43670375648
TOWE_POGP37_1_GE09_19_4,112,TOWE,3.6056228208,GE09,2021-10-14,13.04232657728
TOWE_POGP37_1_GE09_19_4,123,TOWE,4.46280501333333,GE09,2022-09-30,17.50513159061333
TOWE_POGP37_1_GE09_19_4,135,TOWE,3.45557254709333,GE09,2023-09-06,20.96070413770666
TOWE_POGP37_1_GE09_19_5,48,TOWE,1.45408719456,GE09,2016-06-14,1.45408719456
TOWE_POGP37_1_GE09_19_5,61,TOWE,2.13502841552,GE09,2017-07-05,3.58911561008
TOWE_POGP37_1_GE09_19_5,73,TOWE,2.93423178048,GE09,2018-07-20,6.52334739056
TOWE_POGP37_1_GE09_19_5,86,TOWE,3.34510837994667,GE09,2019-08-08,9.868455770506669
TOWE_POGP37_1_GE09_19_5,98,TOWE,3.5782402656,GE09,2020-08-13,13.446696036106669
TOWE_POGP37_1_GE09_19_5,112,TOWE,3.4772561824,GE09,2021-10-14,16.92395221850667
TOWE_POGP37_1_GE09_19_5,123,TOWE,3.577942368,GE09,2022-09-30,20.50189458650667
TOWE_POGP37_1_GE09_19_5,135,TOWE,3.53144808016,GE09,2023-09-06,24.03334266666667
TOWE_POGP37_1_GE12_14_3,48,TOWE,1.14800947594667,GE12,2016-06-08,1.14800947594667
TOWE_POGP37_1_GE12_14_3,61,TOWE,1.5835747928,GE12,2017-07-03,2.73158426874667
TOWE_POGP37_1_GE12_14_3,73,TOWE,2.19022804,GE12,2018-07-19,4.92181230874667
TOWE_POGP37_1_GE12_14_3,86,TOWE,2.56168296384,GE12,2019-08-08,7.48349527258667
TOWE_POGP37_1_GE12_14_3,98,TOWE,3.09163638784,GE12,2020-08-11,10.57513166042667
TOWE_POGP37_1_GE12_14_3,112,TOWE,3.21423950848,GE12,2021-10-12,13.789371168906671
TOWE_POGP37_1_GE12_14_3,123,TOWE,3.09395107354667,GE12,2022-09-23,16.883322242453342
TOWE_POGP37_1_GE12_14_3,135,TOWE,3.83512265136,GE12,2023-09-05,20.71844489381334
TOWE_POGP37_1_GE12_14_4,48,TOWE,1.24820023328,GE12,2016-06-08,1.24820023328
TOWE_POGP37_1_GE12_14_4,61,TOWE,1.59757856925333,GE12,2017-07-03,2.8457788025333297
TOWE_POGP37_1_GE12_14_4,73,TOWE,2.658784128,GE12,2018-07-19,5.50456293053333
TOWE_POGP37_1_GE12_14_4,86,TOWE,0.0,GE12,2019-08-05,5.50456293053333
TOWE_POGP37_1_GE12_14_4,98,TOWE,3.56509177024,GE12,2020-08-11,9.06965470077333
TOWE_POGP37_1_GE12_14_4,112,TOWE,3.55279383125333,GE12,2021-10-12,12.622448532026661
TOWE_POGP37_1_GE12_14_4,123,TOWE,3.77695782464,GE12,2022-09-23,16.39940635666666
TOWE_POGP37_1_GE12_14_4,135,TOWE,4.56765010034667,GE12,2023-09-05,20.967056457013328
TOWE_POGP37_1_GE12_14_5,48,TOWE,1.28705200624,GE12,2016-06-08,1.28705200624
TOWE_POGP37_1_GE12_14_5,61,TOWE,1.43526916866667,GE12,2017-07-03,2.72232117490667
TOWE_POGP37_1_GE12_14_5,73,TOWE,2.56042730944,GE12,2018-07-19,5.28274848434667
TOWE_POGP37_1_GE12_14_5,86,TOWE,0.0,GE12,2019-08-08,5.28274848434667
TOWE_POGP37_1_GE12_14_5,98,TOWE,3.48429489408,GE12,2020-08-11,8.76704337842667
TOWE_POGP37_1_GE12_14_5,112,TOWE,3.4943965056,GE12,2021-10-12,12.261439884026672
TOWE_POGP37_1_GE12_14_5,123,TOWE,3.25755734304,GE12,2022-09-23,15.518997227066672
TOWE_POGP37_1_GE12_14_5,135,TOWE,4.24902905093333,GE12,2023-09-05,19.768026278
TOWE_POGP37_1_GE16_19_10,48,TOWE,1.08476581546667,GE16,2016-06-14,1.08476581546667
TOWE_POGP37_1_GE16_19_10,61,TOWE,1.58276320869333,GE16,2017-07-05,2.6675290241600003
TOWE_POGP37_1_GE16_19_10,73,TOWE,2.36053481664,GE16,2018-07-23,5.0280638408
TOWE_POGP37_1_GE16_19_10,86,TOWE,0.0,GE16,2019-08-08,5.0280638408
TOWE_POGP37_1_GE16_19_10,98,TOWE,2.757819064,GE16,2020-08-13,7.785882904799999
TOWE_POGP37_1_GE16_19_10,112,TOWE,3.45513168,GE16,2021-10-14,11.241014584799998
TOWE_POGP37_1_GE16_19_10,123,TOWE,3.50431169088,GE16,2022-09-30,14.745326275679998
TOWE_POGP37_1_GE16_19_10,135,TOWE,3.79086691984,GE16,2023-09-11,18.53619319552
TOWE_POGP37_1_GE16_19_8,48,TOWE,1.64355439248,GE16,2016-06-14,1.64355439248
TOWE_POGP37_1_GE16_19_8,61,TOWE,1.892358468,GE16,2017-07-05,3.53591286048
TOWE_POGP37_1_GE16_19_8,73,TOWE,2.89678306250667,GE16,2018-07-23,6.43269592298667
TOWE_POGP37_1_GE16_19_8,86,TOWE,0.0,GE16,2019-08-08,6.43269592298667
TOWE_POGP37_1_GE16_19_8,98,TOWE,2.53223637333333,GE16,2020-08-13,8.96493229632
TOWE_POGP37_1_GE16_19_8,112,TOWE,3.12359951904,GE16,2021-10-14,12.08853181536
TOWE_POGP37_1_GE16_19_8,123,TOWE,3.7708478808,GE16,2022-09-30,15.85937969616
TOWE_POGP37_1_GE16_19_8,135,TOWE,4.20709441152,GE16,2023-09-11,20.06647410768
TOWE_POGP37_1_GE16_19_9,48,TOWE,1.01986732848,GE16,2016-06-14,1.01986732848
TOWE_POGP37_1_GE16_19_9,61,TOWE,1.48056909,GE16,2017-07-05,2.5004364184799996
TOWE_POGP37_1_GE16_19_9,73,TOWE,1.88318477013333,GE16,2018-07-23,4.383621188613329
TOWE_POGP37_1_GE16_19_9,86,TOWE,0.0,GE16,2019-08-08,4.383621188613329
TOWE_POGP37_1_GE16_19_9,98,TOWE,2.70461679488,GE16,2020-08-13,7.088237983493329
TOWE_POGP37_1_GE16_19_9,112,TOWE,2.56375255136,GE16,2021-10-14,9.65199053485333
TOWE_POGP37_1_GE16_19_9,123,TOWE,2.75667461402667,GE16,2022-09-30,12.408665148879999
TOWE_POGP37_1_GE16_19_9,135,TOWE,2.68523180258667,GE16,2023-09-11,15.093896951466668
TOWE_POGP37_2_GE02_14_18,48,TOWE,0.941945270933333,GE02,2016-06-09,0.941945270933333
TOWE_POGP37_2_GE02_14_18,61,TOWE,1.44702010786667,GE02,2017-07-04,2.388965378800003
TOWE_POGP37_2_GE02_14_18,73,TOWE,1.81583471402667,GE02,2018-07-19,4.204800092826673
TOWE_POGP37_2_GE02_14_18,86,TOWE,0.0,GE02,2019-08-09,4.204800092826673
TOWE_POGP37_2_GE02_14_18,98,TOWE,2.49576858197333,GE02,2020-08-12,6.700568674800003
TOWE_POGP37_2_GE02_14_18,112,TOWE,2.72301213184,GE02,2021-10-13,9.423580806640004
TOWE_POGP37_2_GE02_14_18,123,TOWE,2.8560604072,GE02,2022-09-26,12.279641213840005
TOWE_POGP37_2_GE02_14_18,135,TOWE,3.18488458288,GE02,2023-09-06,15.464525796720006
TOWE_POGP37_2_GE02_14_19,48,TOWE,0.892925847146667,GE02,2016-06-09,0.892925847146667
TOWE_POGP37_2_GE02_14_19,61,TOWE,1.14810696,GE02,2017-07-04,2.0410328071466672
TOWE_POGP37_2_GE02_14_19,73,TOWE,1.32580960512,GE02,2018-07-20,3.366842412266667
TOWE_POGP37_2_GE02_14_19,86,TOWE,0.0,GE02,2019-08-09,3.366842412266667
TOWE_POGP37_2_GE02_14_19,86,TOWE,0.0,GE02,2019-08-12,3.366842412266667
TOWE_POGP37_2_GE02_14_19,98,TOWE,2.16295781034667,GE02,2020-08-12,5.529800222613337
TOWE_POGP37_2_GE02_14_19,112,TOWE,2.44851262656,GE02,2021-10-13,7.978312849173337
TOWE_POGP37_2_GE02_14_19,123,TOWE,2.68995574848,GE02,2022-09-26,10.668268597653338
TOWE_POGP37_2_GE02_14_19,135,TOWE,2.69592982325333,GE02,2023-09-06,13.364198420906668
TOWE_POGP37_2_GE02_15_20,48,TOWE,1.15267819333333,GE02,2016-06-09,1.15267819333333
TOWE_POGP37_2_GE02_15_20,61,TOWE,1.41668951424,GE02,2017-07-04,2.5693677075733303
TOWE_POGP37_2_GE02_15_20,73,TOWE,1.73444684746667,GE02,2018-07-20,4.303814555040001
TOWE_POGP37_2_GE02_15_20,86,TOWE,0.0,GE02,2019-08-09,4.303814555040001
TOWE_POGP37_2_GE02_15_20,98,TOWE,2.4718790096,GE02,2020-08-12,6.775693564640001
TOWE_POGP37_2_GE02_15_20,112,TOWE,2.49735865045333,GE02,2021-10-13,9.273052215093331
TOWE_POGP37_2_GE02_15_20,123,TOWE,2.51801501952,GE02,2022-09-26,11.791067234613331
TOWE_POGP37_2_GE02_15_20,135,TOWE,3.12639895568,GE02,2023-09-06,14.917466190293332
TOWE_POGP37_2_GE03_23_30,48,TOWE,1.24398727786667,GE03,2016-06-13,1.24398727786667
TOWE_POGP37_2_GE03_23_30,61,TOWE,1.53462567925333,GE03,2017-07-10,2.77861295712
TOWE_POGP37_2_GE03_23_30,73,TOWE,2.06441307072,GE03,2018-07-26,4.843026027840001
TOWE_POGP37_2_GE03_23_30,86,TOWE,2.561334776,GE03,2019-08-15,7.40436080384
TOWE_POGP37_2_GE03_23_30,98,TOWE,2.377591216,GE03,2020-08-18,9.78195201984
TOWE_POGP37_2_GE03_23_30,112,TOWE,2.78171568341333,GE03,2021-10-19,12.56366770325333
TOWE_POGP37_2_GE03_23_30,124,TOWE,3.39118363584,GE03,2022-10-05,15.95485133909333
TOWE_POGP37_2_GE03_23_30,135,TOWE,2.68119977458667,GE03,2023-09-19,18.63605111368
TOWE_POGP37_2_GE03_24_28,48,TOWE,1.66476902592,GE03,2016-06-13,1.66476902592
TOWE_POGP37_2_GE03_24_28,61,TOWE,1.7191718544,GE03,2017-07-10,3.38394088032
TOWE_POGP37_2_GE03_24_28,73,TOWE,2.7347864544,GE03,2018-07-26,6.11872733472
TOWE_POGP37_2_GE03_24_28,86,TOWE,3.00473058218667,GE03,2019-08-15,9.12345791690667
TOWE_POGP37_2_GE03_24_28,98,TOWE,3.14227865952,GE03,2020-08-18,12.26573657642667
TOWE_POGP37_2_GE03_24_28,112,TOWE,3.73106771370667,GE03,2021-10-19,15.99680429013334
TOWE_POGP37_2_GE03_24_28,124,TOWE,3.9770002272,GE03,2022-10-05,19.973804517333342
TOWE_POGP37_2_GE03_24_28,135,TOWE,3.77055751072,GE03,2023-09-19,23.74436202805334
TOWE_POGP37_2_GE03_24_29,48,TOWE,1.65004909402667,GE03,2016-06-13,1.65004909402667
TOWE_POGP37_2_GE03_24_29,61,TOWE,1.79031663477333,GE03,2017-07-10,3.4403657288
TOWE_POGP37_2_GE03_24_29,73,TOWE,2.78977632266667,GE03,2018-07-26,6.23014205146667
TOWE_POGP37_2_GE03_24_29,86,TOWE,3.08434142016,GE03,2019-08-15,9.31448347162667
TOWE_POGP37_2_GE03_24_29,98,TOWE,3.2834369568,GE03,2020-08-18,12.597920428426669
TOWE_POGP37_2_GE03_24_29,112,TOWE,3.44728384,GE03,2021-10-19,16.04520426842667
TOWE_POGP37_2_GE03_24_29,124,TOWE,3.93915794272,GE03,2022-10-05,19.98436221114667
TOWE_POGP37_2_GE03_24_29,135,TOWE,3.81709199872,GE03,2023-09-19,23.80145420986667
TOWE_POGP37_2_GE06_24_18,48,TOWE,1.33617847029333,GE06,2016-06-13,1.33617847029333
TOWE_POGP37_2_GE06_24_18,61,TOWE,1.56492880544,GE06,2017-07-10,2.90110727573333
TOWE_POGP37_2_GE06_24_18,73,TOWE,2.1933912,GE06,2018-07-25,5.09449847573333
TOWE_POGP37_2_GE06_24_18,86,TOWE,2.60954517824,GE06,2019-08-15,7.704043653973329
TOWE_POGP37_2_GE06_24_18,98,TOWE,2.52685029930667,GE06,2020-08-18,10.230893953279999
TOWE_POGP37_2_GE06_24_18,112,TOWE,2.55360812373333,GE06,2021-10-19,12.784502077013329
TOWE_POGP37_2_GE06_24_18,124,TOWE,3.94143253504,GE06,2022-10-04,16.72593461205333
TOWE_POGP37_2_GE06_24_18,135,TOWE,3.23468782970667,GE06,2023-09-18,19.96062244176
TOWE_POGP37_2_GE06_24_19,48,TOWE,1.27310340490667,GE06,2016-06-13,1.27310340490667
TOWE_POGP37_2_GE06_24_19,61,TOWE,1.53846722362667,GE06,2017-07-10,2.81157062853334
TOWE_POGP37_2_GE06_24_19,73,TOWE,2.17179266304,GE06,2018-07-25,4.98336329157334
TOWE_POGP37_2_GE06_24_19,86,TOWE,2.82756457984,GE06,2019-08-15,7.810927871413341
TOWE_POGP37_2_GE06_24_19,98,TOWE,2.69120083232,GE06,2020-08-18,10.50212870373334
TOWE_POGP37_2_GE06_24_19,112,TOWE,2.75763829674667,GE06,2021-10-19,13.25976700048001
TOWE_POGP37_2_GE06_24_19,124,TOWE,3.54205499648,GE06,2022-10-04,16.80182199696001
TOWE_POGP37_2_GE06_24_19,135,TOWE,3.16575384458667,GE06,2023-09-19,19.967575841546683
TOWE_POGP37_2_GE06_24_20,48,TOWE,1.34376994752,GE06,2016-06-13,1.34376994752
TOWE_POGP37_2_GE06_24_20,61,TOWE,1.6575262704,GE06,2017-07-10,3.0012962179200002
TOWE_POGP37_2_GE06_24_20,73,TOWE,2.48637936213333,GE06,2018-07-25,5.48767558005333
TOWE_POGP37_2_GE06_24_20,86,TOWE,2.6685026368,GE06,2019-08-15,8.15617821685333
TOWE_POGP37_2_GE06_24_20,98,TOWE,2.7087764704,GE06,2020-08-18,10.86495468725333
TOWE_POGP37_2_GE06_24_20,112,TOWE,2.54237984,GE06,2021-10-19,13.407334527253331
TOWE_POGP37_2_GE06_24_20,124,TOWE,4.09865637514667,GE06,2022-10-04,17.5059909024
TOWE_POGP37_2_GE06_24_20,135,TOWE,3.04201585688,GE06,2023-09-19,20.54800675928
TOWE_POGP37_2_GE09_24_23,48,TOWE,1.31560535773333,GE09,2016-06-13,1.31560535773333
TOWE_POGP37_2_GE09_24_23,61,TOWE,2.07564904213333,GE09,2017-07-10,3.3912543998666598
TOWE_POGP37_2_GE09_24_23,73,TOWE,2.47258766421333,GE09,2018-07-26,5.863842064079989
TOWE_POGP37_2_GE09_24_23,86,TOWE,3.27540802922667,GE09,2019-08-15,9.139250093306659
TOWE_POGP37_2_GE09_24_23,98,TOWE,2.67299726026667,GE09,2020-08-18,11.81224735357333
TOWE_POGP37_2_GE09_24_23,112,TOWE,3.08248890282667,GE09,2021-10-19,14.8947362564
TOWE_POGP37_2_GE09_24_23,124,TOWE,4.48228132352,GE09,2022-10-05,19.37701757992
TOWE_POGP37_2_GE09_24_23,135,TOWE,3.50618881946667,GE09,2023-09-19,22.88320639938667
TOWE_POGP37_2_GE09_24_25,48,TOWE,1.43889217472,GE09,2016-06-13,1.43889217472
TOWE_POGP37_2_GE09_24_25,61,TOWE,1.61074131885333,GE09,2017-07-10,3.04963349357333
TOWE_POGP37_2_GE09_24_25,73,TOWE,2.45287816106667,GE09,2018-07-26,5.502511654639999
TOWE_POGP37_2_GE09_24_25,86,TOWE,3.35315588608,GE09,2019-08-15,8.855667540719999
TOWE_POGP37_2_GE09_24_25,98,TOWE,3.70216022176,GE09,2020-08-18,12.557827762479999
TOWE_POGP37_2_GE09_24_25,112,TOWE,3.9646182576,GE09,2021-10-19,16.52244602008
TOWE_POGP37_2_GE09_24_25,124,TOWE,4.1211362192,GE09,2022-10-05,20.64358223928
TOWE_POGP37_2_GE09_24_25,135,TOWE,4.11671612352,GE09,2023-09-19,24.7602983628
TOWE_POGP37_2_GE12_3_29,48,TOWE,1.389195808,GE12,2016-06-02,1.389195808
TOWE_POGP37_2_GE12_3_29,60,TOWE,1.91979462341333,GE12,2017-06-29,3.30899043141333
TOWE_POGP37_2_GE12_3_29,73,TOWE,2.0538790272,GE12,2018-07-11,5.36286945861333
TOWE_POGP37_2_GE12_3_29,86,TOWE,2.97412934485333,GE12,2019-08-05,8.33699880346666
TOWE_POGP37_2_GE12_3_29,98,TOWE,3.32543667456,GE12,2020-08-06,11.66243547802666
TOWE_POGP37_2_GE12_3_29,112,TOWE,3.29150955466667,GE12,2021-10-07,14.95394503269333
TOWE_POGP37_2_GE12_3_29,123,TOWE,2.57946131109333,GE12,2022-09-21,17.53340634378666
TOWE_POGP37_2_GE12_3_29,134,TOWE,3.3668066432,GE12,2023-08-31,20.90021298698666
TOWE_POGP37_2_GE12_4_28,48,TOWE,1.34874772032,GE12,2016-06-02,1.34874772032
TOWE_POGP37_2_GE12_4_28,60,TOWE,1.79509346016,GE12,2017-06-29,3.14384118048
TOWE_POGP37_2_GE12_4_28,73,TOWE,2.50789760554667,GE12,2018-07-11,5.6517387860266695
TOWE_POGP37_2_GE12_4_28,86,TOWE,2.8820487696,GE12,2019-08-05,8.53378755562667
TOWE_POGP37_2_GE12_4_28,98,TOWE,3.3043714704,GE12,2020-08-06,11.83815902602667
TOWE_POGP37_2_GE12_4_28,112,TOWE,3.05208391488,GE12,2021-10-07,14.89024294090667
TOWE_POGP37_2_GE12_4_28,123,TOWE,2.62203616341333,GE12,2022-09-21,17.51227910432
TOWE_POGP37_2_GE12_4_28,134,TOWE,3.78319549608,GE12,2023-08-31,21.295474600400002
TOWE_POGP37_2_GE12_4_29,48,TOWE,1.47152957952,GE12,2016-06-02,1.47152957952
TOWE_POGP37_2_GE12_4_29,60,TOWE,1.70205758389333,GE12,2017-06-29,3.1735871634133304
TOWE_POGP37_2_GE12_4_29,73,TOWE,2.60431819648,GE12,2018-07-11,5.77790535989333
TOWE_POGP37_2_GE12_4_29,86,TOWE,3.15842951424,GE12,2019-08-05,8.93633487413333
TOWE_POGP37_2_GE12_4_29,98,TOWE,3.34594526933333,GE12,2020-08-06,12.282280143466659
TOWE_POGP37_2_GE12_4_29,112,TOWE,3.42670712384,GE12,2021-10-07,15.708987267306659
TOWE_POGP37_2_GE12_4_29,123,TOWE,3.0093939876,GE12,2022-09-21,18.71838125490666
TOWE_POGP37_2_GE12_4_29,134,TOWE,3.91427366997333,GE12,2023-08-31,22.63265492487999
TOWE_POGP37_2_GE12_4_30,48,TOWE,0.0,GE12,2016-06-02,0.0
TOWE_POGP37_2_GE12_4_30,60,TOWE,1.72336260096,GE12,2017-06-29,1.72336260096
TOWE_POGP37_2_GE12_4_30,73,TOWE,2.59432549376,GE12,2018-07-11,4.31768809472
TOWE_POGP37_2_GE12_4_30,86,TOWE,2.96279984,GE12,2019-08-05,7.28048793472
TOWE_POGP37_2_GE12_4_30,98,TOWE,1.65837095424,GE12,2020-08-06,8.93885888896
TOWE_POGP37_2_GE12_4_30,112,TOWE,3.23404436021333,GE12,2021-10-07,12.17290324917333
TOWE_POGP37_2_GE12_4_30,123,TOWE,2.9470729288,GE12,2022-09-21,15.119976177973331
TOWE_POGP37_2_GE12_4_30,134,TOWE,4.03634703472,GE12,2023-08-31,19.15632321269333
TOWE_POGP37_2_GE16_14_23,48,TOWE,1.39913902128,GE16,2016-06-09,1.39913902128
TOWE_POGP37_2_GE16_14_23,61,TOWE,1.80431595344,GE16,2017-07-04,3.2034549747199996
TOWE_POGP37_2_GE16_14_23,73,TOWE,2.1258228992,GE16,2018-07-20,5.32927787392
TOWE_POGP37_2_GE16_14_23,86,TOWE,0.0,GE16,2019-08-09,5.32927787392
TOWE_POGP37_2_GE16_14_23,98,TOWE,2.91691218485333,GE16,2020-08-12,8.24619005877333
TOWE_POGP37_2_GE16_14_23,112,TOWE,3.10131229408,GE16,2021-10-13,11.34750235285333
TOWE_POGP37_2_GE16_14_23,123,TOWE,2.91415124,GE16,2022-09-26,14.261653592853328
TOWE_POGP37_2_GE16_14_23,135,TOWE,3.33007821813333,GE16,2023-09-06,17.59173181098666
TOWE_POGP37_2_GE16_14_24,48,TOWE,1.40161872517333,GE16,2016-06-09,1.40161872517333
TOWE_POGP37_2_GE16_14_24,61,TOWE,1.46628100285333,GE16,2017-07-04,2.86789972802666
TOWE_POGP37_2_GE16_14_24,73,TOWE,2.35185574624,GE16,2018-07-20,5.21975547426666
TOWE_POGP37_2_GE16_14_24,86,TOWE,0.0,GE16,2019-08-12,5.21975547426666
TOWE_POGP37_2_GE16_14_24,98,TOWE,2.92179439552,GE16,2020-08-12,8.14154986978666
TOWE_POGP37_2_GE16_14_24,112,TOWE,2.16524083776,GE16,2021-10-13,10.30679070754666
TOWE_POGP37_2_GE16_14_24,123,TOWE,2.88847022464,GE16,2022-09-26,13.19526093218666
TOWE_POGP37_2_GE16_14_24,135,TOWE,3.66666203904,GE16,2023-09-06,16.86192297122666
TOWE_POGP37_2_GE16_14_25,48,TOWE,1.24144596576,GE16,2016-06-09,1.24144596576
TOWE_POGP37_2_GE16_14_25,61,TOWE,1.49182817784,GE16,2017-07-04,2.7332741436
TOWE_POGP37_2_GE16_14_25,73,TOWE,2.47452421216,GE16,2018-07-20,5.20779835576
TOWE_POGP37_2_GE16_14_25,86,TOWE,0.0,GE16,2019-08-12,5.20779835576
TOWE_POGP37_2_GE16_14_25,98,TOWE,2.85021355285333,GE16,2020-08-12,8.058011908613329
TOWE_POGP37_2_GE16_14_25,112,TOWE,3.03682333621333,GE16,2021-10-13,11.094835244826658
TOWE_POGP37_2_GE16_14_25,123,TOWE,3.53460413973333,GE16,2022-09-26,14.629439384559989
TOWE_POGP37_2_GE16_14_25,135,TOWE,3.622002384,GE16,2023-09-06,18.25144176855999
TOWE_POGP37_3_GE02_24_3,61,TOWE,1.2162662512,GE02,2017-07-07,1.2162662512
TOWE_POGP37_3_GE02_24_3,85,TOWE,1.7826576768,GE02,2019-07-24,2.998923928
TOWE_POGP37_3_GE02_24_3,86,TOWE,2.28781598378667,GE02,2019-08-14,5.28673991178667
TOWE_POGP37_3_GE02_24_3,98,TOWE,2.40575481813333,GE02,2020-08-17,7.69249472992
TOWE_POGP37_3_GE02_24_3,112,TOWE,2.01815309696,GE02,2021-10-18,9.710647826879999
TOWE_POGP37_3_GE02_24_3,124,TOWE,2.8735522816,GE02,2022-10-03,12.58420010848
TOWE_POGP37_3_GE02_24_3,135,TOWE,3.12863930045333,GE02,2023-09-18,15.712839408933329
TOWE_POGP37_3_GE02_24_4,61,TOWE,0.909951389013333,GE02,2017-07-07,0.909951389013333
TOWE_POGP37_3_GE02_24_4,85,TOWE,1.40183819776,GE02,2019-07-24,2.311789586773333
TOWE_POGP37_3_GE02_24_4,86,TOWE,1.82408658432,GE02,2019-08-14,4.135876171093333
TOWE_POGP37_3_GE02_24_4,98,TOWE,2.06846736096,GE02,2020-08-17,6.204343532053333
TOWE_POGP37_3_GE02_24_4,112,TOWE,2.0136148032,GE02,2021-10-18,8.217958335253332
TOWE_POGP37_3_GE02_24_4,124,TOWE,3.13013159125333,GE02,2022-10-03,11.348089926506661
TOWE_POGP37_3_GE02_24_4,135,TOWE,2.76775902069333,GE02,2023-09-18,14.115848947199991
TOWE_POGP37_3_GE02_24_5,61,TOWE,1.26440810496,GE02,2017-07-07,1.26440810496
TOWE_POGP37_3_GE02_24_5,85,TOWE,1.66251781696,GE02,2019-07-25,2.9269259219199997
TOWE_POGP37_3_GE02_24_5,86,TOWE,2.17541975317333,GE02,2019-08-25,5.10234567509333
TOWE_POGP37_3_GE02_24_5,98,TOWE,2.30476678432,GE02,2020-08-17,7.40711245941333
TOWE_POGP37_3_GE02_24_5,112,TOWE,2.41565067744,GE02,2021-10-18,9.82276313685333
TOWE_POGP37_3_GE02_24_5,124,TOWE,2.88724852416,GE02,2022-10-03,12.710011661013331
TOWE_POGP37_3_GE02_24_5,135,TOWE,2.925890968,GE02,2023-09-18,15.63590262901333
TOWE_POGP37_3_GE03_34_10,61,TOWE,1.74574528128,GE03,2017-07-11,1.74574528128
TOWE_POGP37_3_GE03_34_10,73,TOWE,2.77204500906667,GE03,2018-07-30,4.51779029034667
TOWE_POGP37_3_GE03_34_10,86,TOWE,2.52607021333333,GE03,2019-08-19,7.0438605036799995
TOWE_POGP37_3_GE03_34_10,98,TOWE,3.08291087104,GE03,2020-08-20,10.12677137472
TOWE_POGP37_3_GE03_34_10,112,TOWE,2.65082716565333,GE03,2021-10-20,12.777598540373331
TOWE_POGP37_3_GE03_34_10,135,TOWE,4.04281274730667,GE03,2023-09-21,16.820411287680002
TOWE_POGP37_3_GE03_34_8,61,TOWE,1.49788059754667,GE03,2017-07-11,1.49788059754667
TOWE_POGP37_3_GE03_34_8,73,TOWE,2.3143536416,GE03,2018-07-30,3.8122342391466697
TOWE_POGP37_3_GE03_34_8,86,TOWE,2.90151173312,GE03,2019-08-19,6.71374597226667
TOWE_POGP37_3_GE03_34_8,98,TOWE,2.5866416576,GE03,2020-08-20,9.30038762986667
TOWE_POGP37_3_GE03_34_8,112,TOWE,2.49787329792,GE03,2021-10-20,11.79826092778667
TOWE_POGP37_3_GE03_34_8,124,TOWE,4.28696460192,GE03,2022-10-11,16.08522552970667
TOWE_POGP37_3_GE03_34_8,135,TOWE,3.14718201130667,GE03,2023-09-21,19.232407541013337
TOWE_POGP37_3_GE03_34_9,61,TOWE,1.48847290592,GE03,2017-07-11,1.48847290592
TOWE_POGP37_3_GE03_34_9,73,TOWE,2.32006067626667,GE03,2018-07-30,3.80853358218667
TOWE_POGP37_3_GE03_34_9,86,TOWE,2.61310265216,GE03,2019-08-19,6.4216362343466695
TOWE_POGP37_3_GE03_34_9,98,TOWE,3.04245594986667,GE03,2020-08-20,9.464092184213339
TOWE_POGP37_3_GE03_34_9,112,TOWE,2.91312685664,GE03,2021-10-20,12.377219040853339
TOWE_POGP37_3_GE03_34_9,135,TOWE,3.48549769568,GE03,2023-09-21,15.862716736533338
TOWE_POGP37_3_GE06_34_3,61,TOWE,1.63095444512,GE06,2017-07-11,1.63095444512
TOWE_POGP37_3_GE06_34_3,73,TOWE,2.13416146944,GE06,2018-07-27,3.76511591456
TOWE_POGP37_3_GE06_34_3,86,TOWE,2.49259858848,GE06,2019-08-19,6.25771450304
TOWE_POGP37_3_GE06_34_3,98,TOWE,2.78005023296,GE06,2020-08-20,9.037764736
TOWE_POGP37_3_GE06_34_3,112,TOWE,3.01118908757333,GE06,2021-10-20,12.04895382357333
TOWE_POGP37_3_GE06_34_3,124,TOWE,4.4038450456,GE06,2022-10-11,16.45279886917333
TOWE_POGP37_3_GE06_34_3,135,TOWE,3.2912988108,GE06,2023-09-21,19.74409767997333
TOWE_POGP37_3_GE06_34_4,61,TOWE,1.51036368149333,GE06,2017-07-11,1.51036368149333
TOWE_POGP37_3_GE06_34_4,73,TOWE,1.9537710192,GE06,2018-07-27,3.4641347006933296
TOWE_POGP37_3_GE06_34_4,86,TOWE,2.45660241493333,GE06,2019-08-19,5.920737115626659
TOWE_POGP37_3_GE06_34_4,98,TOWE,2.43324724309333,GE06,2020-08-20,8.35398435871999
TOWE_POGP37_3_GE06_34_4,112,TOWE,2.62791424896,GE06,2021-10-20,10.98189860767999
TOWE_POGP37_3_GE06_34_4,124,TOWE,4.31581555738667,GE06,2022-10-11,15.297714165066658
TOWE_POGP37_3_GE06_34_4,135,TOWE,3.25363603898667,GE06,2023-09-21,18.55135020405333
TOWE_POGP37_3_GE06_34_5,61,TOWE,1.37225381626667,GE06,2017-07-11,1.37225381626667
TOWE_POGP37_3_GE06_34_5,73,TOWE,1.56697639765333,GE06,2018-07-27,2.93923021392
TOWE_POGP37_3_GE06_34_5,86,TOWE,2.08117936693333,GE06,2019-08-19,5.020409580853331
TOWE_POGP37_3_GE06_34_5,98,TOWE,2.3265258016,GE06,2020-08-20,7.3469353824533306
TOWE_POGP37_3_GE06_34_5,112,TOWE,2.43859872256,GE06,2021-10-20,9.78553410501333
TOWE_POGP37_3_GE06_34_5,124,TOWE,2.98144742896,GE06,2022-10-11,12.766981533973329
TOWE_POGP37_3_GE06_34_5,135,TOWE,2.57949814789333,GE06,2023-09-21,15.34647968186666
TOWE_POGP37_3_GE09_19_13,61,TOWE,1.46405974381333,GE09,2017-07-05,1.46405974381333
TOWE_POGP37_3_GE09_19_13,73,TOWE,2.21842228608,GE09,2018-07-23,3.68248202989333
TOWE_POGP37_3_GE09_19_13,86,TOWE,2.38648458048,GE09,2019-08-08,6.06896661037333
TOWE_POGP37_3_GE09_19_13,98,TOWE,3.141474336,GE09,2020-08-13,9.21044094637333
TOWE_POGP37_3_GE09_19_13,112,TOWE,3.8099245184,GE09,2021-10-14,13.020365464773331
TOWE_POGP37_3_GE09_19_13,123,TOWE,4.2205074912,GE09,2022-09-29,17.24087295597333
TOWE_POGP37_3_GE09_19_13,135,TOWE,4.38922270453333,GE09,2023-09-11,21.63009566050666
TOWE_POGP37_3_GE09_19_14,61,TOWE,1.06656176293333,GE09,2017-07-05,1.06656176293333
TOWE_POGP37_3_GE09_19_14,73,TOWE,1.84372003816,GE09,2018-07-23,2.91028180109333
TOWE_POGP37_3_GE09_19_14,86,TOWE,0.0,GE09,2019-08-08,2.91028180109333
TOWE_POGP37_3_GE09_19_14,98,TOWE,2.34368833365333,GE09,2020-08-13,5.25397013474666
TOWE_POGP37_3_GE09_19_14,112,TOWE,2.56398446304,GE09,2021-10-14,7.81795459778666
TOWE_POGP37_3_GE09_19_14,123,TOWE,3.03005694992,GE09,2022-09-29,10.84801154770666
TOWE_POGP37_3_GE09_19_14,135,TOWE,2.87783210381333,GE09,2023-09-11,13.725843651519991
TOWE_POGP37_3_GE09_19_15,61,TOWE,1.7939633712,GE09,2017-07-05,1.7939633712
TOWE_POGP37_3_GE09_19_15,73,TOWE,2.13123096853333,GE09,2018-07-23,3.9251943397333298
TOWE_POGP37_3_GE09_19_15,86,TOWE,0.0,GE09,2019-08-08,3.9251943397333298
TOWE_POGP37_3_GE09_19_15,98,TOWE,3.05367985589333,GE09,2020-08-13,6.978874195626659
TOWE_POGP37_3_GE09_19_15,112,TOWE,3.29090788693333,GE09,2021-10-18,10.269782082559988
TOWE_POGP37_3_GE09_19_15,123,TOWE,4.3406178816,GE09,2022-09-29,14.610399964159988
TOWE_POGP37_3_GE09_19_15,135,TOWE,4.31459612584,GE09,2023-09-11,18.924996089999986
TOWE_POGP37_3_GE12_39_3,61,TOWE,1.85630458346667,GE12,2017-07-12,1.85630458346667
TOWE_POGP37_3_GE12_39_3,73,TOWE,2.1047522496,GE12,2018-07-30,3.96105683306667
TOWE_POGP37_3_GE12_39_3,86,TOWE,2.8512836352,GE12,2019-08-19,6.812340468266671
TOWE_POGP37_3_GE12_39_3,98,TOWE,2.80347769034667,GE12,2020-08-21,9.61581815861334
TOWE_POGP37_3_GE12_39_3,112,TOWE,2.67490615392,GE12,2021-10-20,12.29072431253334
TOWE_POGP37_3_GE12_39_3,135,TOWE,3.61084852128,GE12,2023-09-29,15.90157283381334
TOWE_POGP37_3_GE12_39_4,61,TOWE,1.8818936136,GE12,2017-07-12,1.8818936136
TOWE_POGP37_3_GE12_39_4,73,TOWE,2.48921227221333,GE12,2018-07-30,4.37110588581333
TOWE_POGP37_3_GE12_39_4,86,TOWE,3.16712812416,GE12,2019-08-20,7.53823400997333
TOWE_POGP37_3_GE12_39_4,98,TOWE,2.96460900736,GE12,2020-08-21,10.50284301733333
TOWE_POGP37_3_GE12_39_4,112,TOWE,2.31741696853333,GE12,2021-10-20,12.82025998586666
TOWE_POGP37_3_GE12_39_4,135,TOWE,3.644873232,GE12,2023-09-29,16.465133217866658
TOWE_POGP37_3_GE12_39_5,61,TOWE,1.78847853184,GE12,2017-07-12,1.78847853184
TOWE_POGP37_3_GE12_39_5,73,TOWE,2.26619619893333,GE12,2018-07-30,4.05467473077333
TOWE_POGP37_3_GE12_39_5,86,TOWE,2.76624849834667,GE12,2019-08-20,6.82092322912
TOWE_POGP37_3_GE12_39_5,98,TOWE,2.81119814976,GE12,2020-08-21,9.63212137888
TOWE_POGP37_3_GE12_39_5,112,TOWE,2.88535169589333,GE12,2021-10-20,12.517473074773331
TOWE_POGP37_3_GE12_39_5,135,TOWE,3.70425223168,GE12,2023-09-29,16.22172530645333
TOWE_POGP37_3_GE16_34_14,61,TOWE,1.93965104666667,GE16,2017-07-12,1.93965104666667
TOWE_POGP37_3_GE16_34_14,73,TOWE,2.51698652538667,GE16,2018-07-30,4.45663757205334
TOWE_POGP37_3_GE16_34_14,86,TOWE,2.79785361856,GE16,2019-08-19,7.25449119061334
TOWE_POGP37_3_GE16_34_14,98,TOWE,3.38872838304,GE16,2020-08-20,10.64321957365334
TOWE_POGP37_3_GE16_34_14,112,TOWE,2.99403616512,GE16,2021-10-20,13.63725573877334
TOWE_POGP37_3_GE16_34_14,135,TOWE,4.04096882522667,GE16,2023-09-21,17.67822456400001
TOWE_POGP37_3_GE16_34_15,61,TOWE,1.8936053136,GE16,2017-07-12,1.8936053136
TOWE_POGP37_3_GE16_34_15,73,TOWE,2.35489270016,GE16,2018-07-30,4.24849801376
TOWE_POGP37_3_GE16_34_15,86,TOWE,0.0,GE16,2019-08-19,4.24849801376
TOWE_POGP37_3_GE16_34_15,98,TOWE,3.26543433216,GE16,2020-08-20,7.51393234592
TOWE_POGP37_3_GE16_34_15,112,TOWE,2.74240387754667,GE16,2021-10-20,10.25633622346667
TOWE_POGP37_3_GE16_34_15,135,TOWE,3.15679016986667,GE16,2023-09-21,13.41312639333334
